Server_ID,Data_Center,Purchase_Date,Decommission_Date,OS,RAM_GB,CPU_Cores,Storage_GB,Availability,Failure_Rate
SRV-1,New York,2015-02-12,2018-12-25,Ubuntu,67,44,4205,93.22,0.02
SRV-2,Atlanta,2017-08-26,2023-02-24,CentOS,241,20,4361,52.79,0.88
SRV-3,Atlanta,2021-10-04,2028-09-25,Ubuntu,255,6,3563,86.29,4.94
SRV-4,Chicago,2017-12-09,2024-03-04,Red Hat,181,61,4189,58.66,1.05
SRV-5,New York,2015-07-10,2021-09-12,Red Hat,61,22,1912,60.19,1.52
SRV-6,San Francisco,2015-05-25,2021-07-07,Ubuntu,132,50,1985,86.94,3.42
SRV-7,Dallas,2016-05-22,2019-06-30,Linux,67,18,4946,85.48,3.21
SRV-8,San Francisco,2016-10-13,2022-08-16,Windows Server,205,27,522,95.52,0.23
SRV-9,Dallas,2018-01-05,2021-08-10,Linux,62,47,4446,56.86,4.27
SRV-10,Chicago,2021-03-20,2027-12-01,Linux,84,44,4250,57.36,3.19
SRV-11,Atlanta,2019-05-15,2026-05-03,Windows Server,252,25,4684,93.31,1.11
SRV-12,New York,2020-12-28,2027-03-23,Linux,237,25,4195,69.2,1.39
SRV-13,New York,2016-10-17,2020-02-17,Red Hat,190,37,4668,69.68,3.75
SRV-14,New York,2021-10-15,2026-04-05,Windows Server,83,12,3424,88.19,2.33
SRV-15,Chicago,2018-03-04,2023-02-21,CentOS,132,4,4304,83.25,4.13
SRV-16,Chicago,2015-04-09,2018-05-30,Ubuntu,141,24,1051,55.71,3.09
SRV-17,San Francisco,2018-02-07,2021-04-14,CentOS,212,16,4362,60.95,3.93
SRV-18,Dallas,2019-07-26,2022-08-08,CentOS,102,56,2759,75.9,3.68
SRV-19,Atlanta,2016-01-29,2020-12-09,Windows Server,221,55,3198,54.28,0.17
SRV-20,San Francisco,2019-05-31,2022-12-19,Red Hat,184,7,4547,66.2,0.14
SRV-21,New York,2015-03-11,2019-06-15,Windows Server,71,51,2024,60.39,0.37
SRV-22,Chicago,2018-03-23,2023-04-05,Windows Server,22,38,1609,78.19,3.24
SRV-23,New York,2017-03-25,2023-12-01,CentOS,151,39,3435,90.95,0.53
SRV-24,Chicago,2020-05-09,2023-11-28,Red Hat,157,39,1472,57.43,1.73
SRV-25,San Francisco,2018-09-02,2022-06-30,Windows Server,23,44,531,54.43,0.34
SRV-26,San Francisco,2020-03-10,2025-04-17,Linux,191,64,2475,93.9,0.15
SRV-27,Atlanta,2016-11-06,2022-03-12,Windows Server,35,61,2029,66.91,3.39
SRV-28,Atlanta,2021-02-19,2024-08-20,Red Hat,178,39,1540,97.8,4.47
SRV-29,Atlanta,2017-12-09,2021-12-28,Ubuntu,105,55,2290,94.81,0.83
SRV-30,New York,2019-05-26,2026-02-07,Linux,55,25,1826,55.77,4.78
SRV-31,Chicago,2021-11-15,2027-12-07,Ubuntu,226,18,835,78.27,0.86
SRV-32,Dallas,2015-08-19,2020-04-19,Linux,243,26,3713,79.96,1.92
SRV-33,Dallas,2015-10-15,2019-11-30,Red Hat,16,55,4898,79.05,3.1
SRV-34,New York,2017-03-20,2021-03-01,Ubuntu,232,6,3807,88.73,1.34
SRV-35,New York,2020-04-09,2023-07-31,Red Hat,122,45,2540,98.0,0.16
SRV-36,New York,2016-10-12,2023-03-31,Red Hat,132,41,3845,66.53,1.07
SRV-37,Dallas,2015-10-24,2020-09-26,CentOS,180,17,2996,53.38,3.16
SRV-38,Chicago,2020-09-30,2027-06-08,Linux,22,36,3714,68.43,2.85
SRV-39,San Francisco,2019-08-03,2025-04-21,Windows Server,66,32,2171,68.09,0.81
SRV-40,Dallas,2018-07-24,2022-01-19,Windows Server,244,20,2493,86.06,1.7
SRV-41,Atlanta,2021-04-04,2027-04-14,Windows Server,171,50,2031,56.83,3.01
SRV-42,San Francisco,2018-08-14,2025-03-25,Red Hat,174,64,4674,67.78,0.71
SRV-43,San Francisco,2018-10-21,2023-09-03,Windows Server,28,33,2535,50.67,4.42
SRV-44,New York,2017-01-28,2021-01-24,Ubuntu,35,38,4344,53.3,3.21
SRV-45,Dallas,2020-02-19,2025-09-17,CentOS,101,4,1158,76.34,3.46
SRV-46,New York,2018-07-24,2022-07-22,Windows Server,154,44,870,98.74,3.45
SRV-47,New York,2018-12-05,2022-10-20,CentOS,117,14,4456,89.14,2.11
SRV-48,San Francisco,2021-05-09,2028-03-19,Ubuntu,71,14,1881,89.45,2.34
SRV-49,Atlanta,2016-11-26,2022-06-17,Windows Server,167,48,4399,88.55,1.42
SRV-50,San Francisco,2015-11-01,2020-11-08,Linux,209,50,685,86.85,1.14
SRV-51,Atlanta,2019-10-09,2025-05-20,Windows Server,255,40,1748,57.46,2.4
SRV-52,Dallas,2021-05-10,2028-01-10,Ubuntu,231,52,1997,75.4,1.09
SRV-53,San Francisco,2015-12-04,2022-06-20,Windows Server,227,26,3567,82.07,0.32
SRV-54,Atlanta,2018-12-22,2022-07-11,CentOS,250,46,1313,89.24,4.82
SRV-55,Dallas,2017-01-05,2023-11-14,Red Hat,98,55,1496,79.42,4.69
SRV-56,Dallas,2018-12-07,2022-07-14,Windows Server,248,50,3532,81.18,0.21
SRV-57,Atlanta,2021-09-02,2027-03-01,Red Hat,210,37,1559,59.33,1.36
SRV-58,Atlanta,2019-12-15,2024-08-05,CentOS,145,47,2568,58.64,3.35
SRV-59,Dallas,2021-02-28,2027-11-06,Ubuntu,191,31,1993,91.47,1.63
SRV-60,Dallas,2019-01-18,2023-10-18,Ubuntu,51,38,928,51.31,0.15
SRV-61,Atlanta,2015-06-27,2020-03-22,Red Hat,20,7,4993,95.91,0.46
SRV-62,Dallas,2021-05-21,2027-04-04,Linux,113,59,3943,79.48,2.73
SRV-63,Atlanta,2020-05-01,2025-09-28,Windows Server,29,39,1735,74.64,4.26
SRV-64,Dallas,2016-09-01,2021-10-13,Red Hat,110,56,2211,94.36,3.28
SRV-65,New York,2020-01-28,2025-10-15,Windows Server,96,53,3962,82.4,3.83
SRV-66,New York,2016-09-15,2023-03-23,Linux,121,49,4965,65.01,1.79
SRV-67,Chicago,2016-04-29,2022-12-19,Linux,235,34,3216,99.47,2.76
SRV-68,San Francisco,2018-08-04,2022-01-30,Ubuntu,25,35,678,89.81,4.87
SRV-69,New York,2016-12-03,2023-08-25,Ubuntu,78,16,1454,64.54,2.38
SRV-70,Chicago,2015-04-17,2018-10-14,CentOS,55,23,3075,65.36,3.0
SRV-71,Atlanta,2016-08-26,2022-04-01,Windows Server,18,17,4093,98.18,0.97
SRV-72,San Francisco,2020-12-23,2027-09-20,Linux,121,56,1681,61.79,1.74
SRV-73,Dallas,2017-12-17,2024-06-09,Ubuntu,99,41,996,57.27,1.34
SRV-74,Dallas,2016-04-25,2021-05-16,CentOS,74,38,4075,66.92,1.39
SRV-75,Dallas,2020-06-28,2025-03-08,Ubuntu,94,34,3700,84.74,2.28
SRV-76,Chicago,2017-07-08,2022-03-27,Red Hat,147,7,2737,95.8,0.5
SRV-77,Dallas,2021-07-22,2027-07-01,Red Hat,133,57,3572,53.42,2.36
SRV-78,New York,2018-04-10,2021-09-02,Red Hat,62,37,4346,67.91,0.74
SRV-79,Chicago,2020-06-29,2023-09-15,Red Hat,239,35,4984,80.29,4.64
SRV-80,Chicago,2019-12-27,2026-07-29,Red Hat,88,57,4823,92.91,4.85
SRV-81,Atlanta,2021-07-31,2027-09-25,Linux,118,31,3047,94.14,2.7
SRV-82,New York,2020-04-27,2026-03-30,Ubuntu,26,35,3785,90.4,3.64
SRV-83,New York,2018-07-26,2023-03-29,Red Hat,185,62,4939,73.31,3.79
SRV-84,New York,2015-12-09,2020-01-03,CentOS,138,9,4070,86.54,4.2
SRV-85,New York,2016-02-10,2021-09-30,CentOS,92,25,3647,54.58,1.47
SRV-86,Dallas,2015-11-16,2019-08-31,Ubuntu,195,59,3880,55.71,2.22
SRV-87,Atlanta,2017-10-11,2021-08-22,Windows Server,255,14,1133,90.21,3.07
SRV-88,New York,2020-06-29,2026-11-21,Red Hat,40,41,3769,60.48,3.05
SRV-89,San Francisco,2019-04-26,2025-01-03,Linux,204,32,4191,88.44,3.79
SRV-90,San Francisco,2021-05-18,2024-11-19,Windows Server,125,17,3032,83.28,0.43
SRV-91,San Francisco,2015-11-03,2022-09-04,Windows Server,190,53,2052,81.41,3.79
SRV-92,New York,2021-07-23,2025-01-18,CentOS,183,21,2738,63.05,3.07
SRV-93,Atlanta,2016-05-16,2021-08-13,Red Hat,199,18,1032,95.67,2.0
SRV-94,Chicago,2015-04-18,2019-02-05,Red Hat,154,40,3802,96.36,0.94
SRV-95,San Francisco,2021-04-22,2027-12-14,Ubuntu,156,40,790,77.44,1.91
SRV-96,Chicago,2015-06-10,2020-07-29,CentOS,82,60,2881,65.24,4.44
SRV-97,Dallas,2020-11-03,2026-09-17,Red Hat,135,45,830,89.14,4.88
SRV-98,Chicago,2019-04-13,2022-08-03,CentOS,144,20,922,96.71,1.69
SRV-99,Dallas,2018-03-22,2024-03-31,Red Hat,219,10,2602,85.94,0.44
SRV-100,Dallas,2017-08-14,2020-12-08,CentOS,176,42,2640,53.22,2.12
SRV-101,Dallas,2020-10-17,2024-01-05,Ubuntu,111,51,1012,86.5,4.5
SRV-102,Atlanta,2019-07-19,2024-08-19,CentOS,89,40,1828,76.96,0.19
SRV-103,New York,2015-05-21,2019-06-13,Ubuntu,234,51,979,77.53,4.34
SRV-104,San Francisco,2019-09-22,2025-05-23,Ubuntu,115,12,1586,79.69,2.09
SRV-105,Atlanta,2015-06-27,2019-08-31,Red Hat,140,16,774,81.62,3.15
SRV-106,Atlanta,2017-09-15,2022-06-05,Windows Server,222,44,4670,63.02,4.29
SRV-107,Dallas,2021-07-16,2028-03-05,Windows Server,122,51,1947,93.06,1.01
SRV-108,San Francisco,2021-10-05,2025-03-14,CentOS,147,30,4542,97.5,3.68
SRV-109,Dallas,2021-05-16,2028-04-17,Ubuntu,222,51,4023,90.42,0.39
SRV-110,Chicago,2016-02-05,2021-08-14,Ubuntu,158,37,2476,95.82,4.41
SRV-111,New York,2019-03-14,2023-11-10,CentOS,79,37,4653,71.8,3.61
SRV-112,Atlanta,2016-11-03,2021-06-11,Red Hat,122,60,4617,87.9,3.59
SRV-113,New York,2019-03-19,2023-09-01,Windows Server,180,42,2362,74.72,3.71
SRV-114,New York,2018-04-14,2024-03-27,Linux,54,59,1259,80.46,3.54
SRV-115,Atlanta,2018-11-08,2022-01-04,CentOS,88,53,1664,58.54,2.38
SRV-116,New York,2015-12-08,2022-05-24,Red Hat,158,22,635,72.0,1.47
SRV-117,San Francisco,2018-02-05,2022-03-05,Linux,131,15,4061,85.73,4.37
SRV-118,Dallas,2016-02-28,2021-04-10,Red Hat,220,29,3657,99.78,3.51
SRV-119,San Francisco,2016-01-27,2020-06-12,CentOS,137,34,4292,51.55,3.66
SRV-120,Atlanta,2016-09-19,2023-02-11,Linux,149,60,3064,87.07,4.78
SRV-121,Chicago,2015-02-13,2018-08-02,Ubuntu,133,16,3622,60.64,4.33
SRV-122,Atlanta,2016-05-14,2023-03-24,Red Hat,176,36,1609,96.82,3.67
SRV-123,Dallas,2019-01-20,2025-12-24,CentOS,101,32,2735,83.03,3.47
SRV-124,Atlanta,2015-08-08,2021-10-18,CentOS,60,54,4285,82.85,4.26
SRV-125,New York,2017-07-13,2021-08-03,CentOS,61,43,2760,99.78,4.75
SRV-126,Atlanta,2020-06-26,2024-08-19,Red Hat,17,23,2160,62.23,1.81
SRV-127,Dallas,2018-07-09,2023-01-27,Linux,148,45,627,74.08,0.4
SRV-128,Dallas,2018-01-29,2021-04-09,Windows Server,107,10,503,53.87,1.53
SRV-129,San Francisco,2021-10-26,2028-06-22,Windows Server,25,59,1950,77.93,2.67
SRV-130,Atlanta,2015-01-12,2018-06-09,Red Hat,232,50,924,86.17,4.22
SRV-131,San Francisco,2019-12-29,2023-06-01,Ubuntu,104,15,4327,50.4,1.15
SRV-132,Chicago,2015-11-11,2020-01-02,Ubuntu,198,5,2916,66.61,0.75
SRV-133,Atlanta,2018-08-11,2025-03-19,Red Hat,74,25,3525,57.15,3.81
SRV-134,Chicago,2016-12-13,2023-10-24,Ubuntu,124,59,2288,94.04,3.99
SRV-135,Atlanta,2015-03-21,2020-12-05,Linux,44,57,4476,67.34,0.91
SRV-136,San Francisco,2020-02-14,2025-05-08,CentOS,159,26,3105,74.65,3.48
SRV-137,New York,2018-07-21,2025-01-23,Ubuntu,165,59,993,62.03,0.57
SRV-138,Dallas,2020-02-11,2026-04-17,Windows Server,174,51,1442,78.4,3.72
SRV-139,Atlanta,2020-11-21,2024-04-07,Linux,37,14,3573,65.54,3.18
SRV-140,Dallas,2016-05-19,2023-01-08,Red Hat,113,51,2455,63.94,3.73
SRV-141,Dallas,2015-11-25,2020-11-21,Linux,184,23,783,73.36,4.91
SRV-142,Atlanta,2015-10-08,2020-11-06,Red Hat,30,48,2937,76.82,0.67
SRV-143,Dallas,2015-02-17,2018-09-08,Red Hat,219,57,860,95.4,3.79
SRV-144,San Francisco,2019-02-20,2025-12-25,Windows Server,96,39,4120,76.45,4.63
SRV-145,San Francisco,2020-06-24,2023-08-28,Red Hat,90,25,2568,51.57,0.77
SRV-146,Dallas,2015-01-24,2019-05-29,Linux,27,23,4776,54.38,0.49
SRV-147,San Francisco,2017-12-02,2024-10-05,Windows Server,221,22,3161,52.61,3.03
SRV-148,Atlanta,2018-02-15,2021-03-31,Linux,68,44,599,57.96,0.31
SRV-149,San Francisco,2021-11-02,2025-04-06,Ubuntu,42,40,827,89.19,2.33
SRV-150,Atlanta,2017-10-31,2024-07-22,CentOS,167,47,1094,96.63,1.23
SRV-151,New York,2019-09-07,2024-03-17,Linux,228,38,4264,52.79,2.91
SRV-152,Dallas,2020-01-05,2024-04-23,Ubuntu,135,28,4055,50.03,0.84
SRV-153,San Francisco,2020-01-09,2024-05-11,Ubuntu,52,10,1254,51.47,3.48
SRV-154,Dallas,2017-07-06,2021-10-08,Windows Server,163,33,1844,72.37,0.94
SRV-155,New York,2017-12-29,2021-06-28,Ubuntu,34,55,2347,64.84,0.96
SRV-156,Dallas,2021-02-15,2024-09-07,Windows Server,188,4,1809,73.23,0.07
SRV-157,Dallas,2015-06-08,2021-03-28,Red Hat,219,17,900,94.78,2.11
SRV-158,Atlanta,2021-10-03,2025-09-07,Red Hat,82,61,4014,92.08,0.43
SRV-159,Atlanta,2020-10-17,2024-10-23,Windows Server,237,37,3624,66.22,3.36
SRV-160,San Francisco,2015-03-25,2022-02-28,Windows Server,212,54,878,51.48,0.61
SRV-161,Atlanta,2019-08-10,2024-07-17,CentOS,157,21,1358,78.35,0.89
SRV-162,New York,2015-10-09,2022-07-28,Ubuntu,82,38,1312,87.35,4.02
SRV-163,Chicago,2015-12-21,2022-03-29,CentOS,78,43,2888,78.46,1.82
SRV-164,New York,2019-02-19,2024-12-03,Linux,116,12,2323,59.76,0.86
SRV-165,Atlanta,2020-05-02,2023-09-17,Linux,204,25,1923,66.85,1.39
SRV-166,New York,2018-06-03,2023-09-20,Ubuntu,86,37,3214,96.0,1.89
SRV-167,New York,2016-11-18,2021-05-20,Linux,165,34,2336,50.29,4.83
SRV-168,Dallas,2019-05-27,2025-10-17,Linux,28,53,4406,85.52,3.97
SRV-169,Atlanta,2017-07-09,2020-07-28,Linux,36,17,3378,75.14,2.75
SRV-170,Dallas,2015-09-16,2019-08-23,Ubuntu,23,62,2683,92.71,1.43
SRV-171,San Francisco,2019-01-08,2024-01-27,CentOS,130,39,1807,85.2,2.66
SRV-172,San Francisco,2017-04-06,2022-11-05,Windows Server,233,61,606,53.72,0.61
SRV-173,New York,2021-10-01,2027-02-10,CentOS,78,21,4245,63.31,3.07
SRV-174,Chicago,2021-03-05,2026-11-11,Windows Server,169,5,1663,86.48,1.2
SRV-175,Dallas,2021-09-13,2025-12-24,Windows Server,211,29,962,85.25,2.8
SRV-176,Atlanta,2017-06-01,2023-01-19,Linux,26,27,980,65.71,0.03
SRV-177,New York,2017-02-16,2021-10-10,CentOS,89,17,3938,72.1,3.89
SRV-178,Chicago,2020-06-06,2026-05-29,Red Hat,228,29,867,50.16,3.04
SRV-179,Chicago,2019-01-25,2024-11-24,Ubuntu,179,40,1475,85.34,4.3
SRV-180,Chicago,2018-12-01,2025-05-12,Ubuntu,153,20,2437,93.77,4.8
SRV-181,New York,2020-05-18,2023-08-18,Linux,180,9,2179,56.06,3.36
SRV-182,Chicago,2016-11-13,2020-03-11,Linux,205,41,1385,75.48,1.23
SRV-183,Chicago,2015-02-10,2021-10-26,Red Hat,33,41,1982,53.88,2.39
SRV-184,San Francisco,2018-07-16,2022-01-19,Windows Server,98,55,2693,75.67,3.36
SRV-185,New York,2016-09-19,2022-06-07,Red Hat,41,26,4274,77.57,4.12
SRV-186,Dallas,2015-02-24,2022-02-04,Red Hat,134,22,4026,86.82,2.34
SRV-187,Atlanta,2016-07-25,2021-10-20,CentOS,243,40,2307,64.29,4.35
SRV-188,San Francisco,2016-07-22,2021-01-16,Linux,149,30,1540,89.43,1.28
SRV-189,Chicago,2020-02-14,2026-07-15,CentOS,202,50,3031,53.19,4.81
SRV-190,Dallas,2016-02-13,2020-12-21,CentOS,226,51,2259,86.98,0.43
SRV-191,Dallas,2017-11-10,2021-04-10,CentOS,83,55,775,74.52,2.27
SRV-192,Atlanta,2015-04-07,2020-12-06,CentOS,157,9,2558,81.47,1.7
SRV-193,Chicago,2016-02-07,2022-06-24,CentOS,71,42,4765,92.61,4.42
SRV-194,Dallas,2015-09-16,2019-12-11,Red Hat,100,33,4819,62.69,4.17
SRV-195,Atlanta,2020-05-20,2024-05-07,Windows Server,178,54,2369,66.18,4.29
SRV-196,Atlanta,2019-10-11,2025-07-27,Red Hat,119,61,3969,79.47,1.1
SRV-197,San Francisco,2020-03-10,2025-08-21,CentOS,83,11,1816,87.26,1.27
SRV-198,San Francisco,2018-06-01,2022-09-23,Ubuntu,161,44,1884,63.16,2.71
SRV-199,New York,2019-10-18,2026-01-25,Ubuntu,110,58,4997,51.65,2.65
SRV-200,Dallas,2019-11-15,2024-10-18,Ubuntu,217,46,4032,90.73,3.99
SRV-201,San Francisco,2021-02-03,2026-01-14,CentOS,235,62,4650,61.1,0.13
SRV-202,Atlanta,2020-01-29,2023-11-26,Linux,176,59,2880,99.14,3.26
SRV-203,San Francisco,2016-10-31,2020-12-09,Linux,83,58,2882,52.84,2.45
SRV-204,San Francisco,2019-08-21,2023-05-05,Linux,181,32,3246,80.31,4.96
SRV-205,Dallas,2018-03-06,2022-09-04,Linux,132,29,1342,78.89,4.49
SRV-206,Atlanta,2019-08-07,2023-05-23,Linux,20,32,4488,75.33,0.23
SRV-207,New York,2015-05-11,2022-03-27,Ubuntu,129,56,1817,69.7,3.29
SRV-208,Dallas,2016-12-06,2021-11-06,Ubuntu,206,13,1723,65.49,0.73
SRV-209,Dallas,2018-03-06,2024-12-17,Windows Server,69,63,1611,66.98,3.06
SRV-210,Chicago,2015-07-27,2018-10-10,Linux,256,63,2158,68.51,2.0
SRV-211,Dallas,2020-06-26,2026-03-06,Windows Server,52,40,938,50.42,4.79
SRV-212,Chicago,2015-08-02,2019-03-28,Linux,19,12,2611,57.98,3.26
SRV-213,New York,2021-06-12,2025-05-29,Windows Server,123,40,2307,74.53,2.15
SRV-214,Chicago,2016-08-15,2023-07-16,Windows Server,184,17,3584,52.56,1.09
SRV-215,San Francisco,2021-07-28,2026-09-25,Linux,165,44,1714,76.02,2.32
SRV-216,San Francisco,2015-05-25,2021-06-21,Linux,22,14,2461,81.72,1.27
SRV-217,New York,2016-11-23,2020-06-02,Linux,108,6,2998,68.79,4.02
SRV-218,Dallas,2019-07-26,2023-04-25,Ubuntu,220,38,2589,96.82,1.36
SRV-219,San Francisco,2015-03-22,2021-04-18,Ubuntu,190,17,3915,82.5,4.33
SRV-220,New York,2016-07-24,2021-01-01,Windows Server,187,28,1643,64.18,3.76
SRV-221,San Francisco,2015-10-25,2022-08-03,Linux,186,30,1254,80.89,2.07
SRV-222,Dallas,2015-01-25,2020-11-22,CentOS,52,15,2888,90.35,4.61
SRV-223,Dallas,2016-04-24,2022-11-16,Ubuntu,256,58,4868,95.48,4.51
SRV-224,Dallas,2015-01-28,2020-03-30,Linux,247,43,2467,72.67,1.34
SRV-225,San Francisco,2021-11-11,2028-01-06,Red Hat,136,36,1519,79.98,3.86
SRV-226,New York,2018-08-24,2023-05-26,Windows Server,58,61,869,66.86,4.78
SRV-227,New York,2017-07-24,2022-07-11,Ubuntu,44,23,2052,75.13,2.17
SRV-228,Chicago,2018-10-31,2023-11-26,Windows Server,40,31,1321,64.18,0.78
SRV-229,Chicago,2018-04-27,2021-08-21,Red Hat,60,55,2158,66.6,1.63
SRV-230,Dallas,2019-08-06,2023-04-22,Red Hat,85,52,3857,57.53,1.21
SRV-231,New York,2021-08-05,2025-04-01,Ubuntu,179,64,3399,78.1,0.64
SRV-232,Atlanta,2018-08-12,2022-12-22,Red Hat,77,62,3265,72.58,2.75
SRV-233,New York,2018-04-16,2024-09-09,Red Hat,75,23,3353,62.98,0.17
SRV-234,Chicago,2016-08-10,2023-06-25,Windows Server,172,61,1721,76.97,1.72
SRV-235,Dallas,2016-06-06,2021-10-19,Windows Server,132,24,1263,85.24,1.22
SRV-236,New York,2017-07-01,2022-09-15,Red Hat,21,9,4681,58.04,3.67
SRV-237,San Francisco,2019-11-23,2025-02-03,Windows Server,117,59,3299,97.06,4.11
SRV-238,San Francisco,2018-10-24,2024-05-14,Ubuntu,103,6,740,55.7,0.74
SRV-239,Dallas,2020-11-19,2024-09-14,Ubuntu,77,34,3869,59.39,3.72
SRV-240,San Francisco,2016-04-11,2023-03-12,Windows Server,26,16,1046,89.3,4.71
SRV-241,Chicago,2017-06-21,2022-06-08,Linux,213,27,4254,77.6,3.2
SRV-242,Chicago,2020-06-22,2025-04-18,CentOS,162,24,2078,85.03,0.63
SRV-243,New York,2017-11-07,2020-11-30,Windows Server,179,38,1976,70.91,0.96
SRV-244,Chicago,2018-03-29,2023-03-29,Windows Server,46,17,4225,57.55,4.29
SRV-245,Atlanta,2015-01-14,2018-12-26,Ubuntu,154,63,631,62.48,2.51
SRV-246,New York,2018-04-08,2024-03-16,Red Hat,245,63,2946,53.3,4.07
SRV-247,Chicago,2018-06-18,2022-04-04,Linux,177,60,4413,68.27,4.37
SRV-248,San Francisco,2019-04-27,2024-10-09,Windows Server,188,43,2477,94.82,0.53
SRV-249,San Francisco,2021-08-22,2025-08-21,Linux,122,41,990,60.46,2.85
SRV-250,San Francisco,2021-09-18,2026-01-12,Red Hat,59,54,2594,82.08,2.31
SRV-251,New York,2020-02-27,2023-10-19,CentOS,33,8,4462,54.55,2.18
SRV-252,Dallas,2018-08-03,2022-09-01,Ubuntu,54,20,2706,76.06,2.11
SRV-253,Atlanta,2020-05-28,2025-03-27,Windows Server,162,48,4540,52.93,2.64
SRV-254,Atlanta,2020-01-26,2026-12-15,CentOS,234,26,2832,96.62,0.35
SRV-255,Dallas,2018-01-05,2022-10-27,CentOS,245,25,4692,97.6,4.05
SRV-256,San Francisco,2017-03-06,2021-07-18,CentOS,174,19,4799,66.98,1.5
SRV-257,Atlanta,2021-02-02,2027-05-29,CentOS,255,39,619,67.17,0.81
SRV-258,San Francisco,2021-09-15,2025-06-08,CentOS,178,62,3563,57.97,3.66
SRV-259,Chicago,2018-11-22,2023-06-10,Windows Server,126,24,1773,68.89,0.94
SRV-260,San Francisco,2021-11-08,2027-02-25,Red Hat,253,28,1057,91.61,4.03
SRV-261,San Francisco,2016-06-03,2019-08-21,Red Hat,66,51,2602,90.87,2.37
SRV-262,New York,2018-05-05,2024-11-13,Ubuntu,241,50,3224,60.74,3.35
SRV-263,San Francisco,2017-09-05,2020-12-27,Windows Server,181,49,2619,66.25,3.23
SRV-264,Chicago,2016-04-12,2023-03-27,CentOS,193,10,3731,60.89,2.74
SRV-265,Dallas,2018-10-05,2023-07-14,Ubuntu,34,64,888,89.27,1.82
SRV-266,New York,2017-06-01,2022-07-13,CentOS,166,35,4696,71.44,0.6
SRV-267,Dallas,2015-05-28,2018-10-09,Red Hat,134,45,4171,91.17,1.39
SRV-268,Dallas,2020-04-11,2024-01-08,Linux,119,21,2692,68.31,0.6
SRV-269,Chicago,2015-03-21,2020-07-13,Windows Server,59,23,1491,82.57,2.44
SRV-270,Chicago,2017-11-24,2021-09-06,Ubuntu,132,23,2175,89.17,3.34
SRV-271,Chicago,2015-04-03,2019-11-15,Linux,31,46,2235,73.14,4.1
SRV-272,Dallas,2015-04-15,2018-12-23,Red Hat,231,53,2433,94.51,3.2
SRV-273,Chicago,2017-06-20,2022-08-08,Ubuntu,151,23,2898,99.45,2.9
SRV-274,San Francisco,2015-06-02,2020-07-01,Ubuntu,101,30,3559,62.49,0.31
SRV-275,New York,2018-01-11,2025-01-09,Linux,199,49,2446,54.02,1.81
SRV-276,Chicago,2018-09-01,2021-11-29,CentOS,65,60,2606,71.87,2.55
SRV-277,Chicago,2019-08-15,2025-12-14,CentOS,119,23,3083,72.58,1.27
SRV-278,New York,2017-06-30,2021-09-02,CentOS,185,55,2730,90.34,3.68
SRV-279,Atlanta,2019-04-21,2023-10-23,Linux,200,23,2437,86.63,0.23
SRV-280,San Francisco,2020-09-16,2026-09-28,Ubuntu,74,14,4782,73.45,3.52
SRV-281,Atlanta,2020-07-19,2023-09-25,CentOS,239,34,1860,96.94,4.06
SRV-282,Chicago,2019-04-25,2022-09-25,Linux,59,19,3531,73.64,3.91
SRV-283,San Francisco,2021-10-19,2026-05-11,Ubuntu,199,34,2143,76.51,2.88
SRV-284,Dallas,2015-01-06,2021-05-29,Linux,208,39,1275,75.26,2.63
SRV-285,Dallas,2016-06-15,2020-01-18,Linux,35,38,3154,64.64,2.23
SRV-286,Atlanta,2020-06-11,2026-04-27,Ubuntu,129,29,4519,83.83,3.76
SRV-287,New York,2015-09-03,2019-12-31,Ubuntu,70,21,3854,80.39,1.11
SRV-288,Atlanta,2018-04-09,2022-09-10,Red Hat,52,14,2823,89.92,3.62
SRV-289,Chicago,2016-12-07,2020-08-10,Linux,136,45,2904,89.3,1.94
SRV-290,San Francisco,2015-11-30,2021-03-09,CentOS,135,15,1684,75.66,0.03
SRV-291,San Francisco,2018-08-24,2024-03-22,Windows Server,73,49,3152,59.78,2.74
SRV-292,Chicago,2020-12-05,2027-11-10,Linux,217,11,822,69.74,2.97
SRV-293,Dallas,2016-10-28,2023-04-24,Windows Server,179,37,3183,71.59,0.62
SRV-294,San Francisco,2015-10-09,2022-06-23,Ubuntu,134,28,2639,90.2,2.81
SRV-295,San Francisco,2019-11-23,2025-12-24,Ubuntu,77,21,4896,95.7,4.83
SRV-296,San Francisco,2016-07-19,2019-08-25,Ubuntu,100,51,4299,82.49,2.41
SRV-297,San Francisco,2018-02-06,2022-07-27,CentOS,116,31,877,87.55,1.75
SRV-298,Atlanta,2015-04-30,2018-08-31,CentOS,255,26,1819,96.26,2.9
SRV-299,San Francisco,2019-05-06,2026-03-15,Red Hat,161,40,3718,80.52,4.29
SRV-300,Atlanta,2019-11-29,2023-06-11,Windows Server,213,22,3386,68.89,3.39
SRV-301,Dallas,2020-08-26,2024-10-30,Linux,49,49,2045,86.61,2.04
SRV-302,Chicago,2019-09-25,2025-12-29,Windows Server,111,36,4710,85.14,0.73
SRV-303,Dallas,2017-08-06,2023-02-05,Windows Server,251,43,1721,79.2,2.36
SRV-304,Dallas,2017-08-27,2020-11-17,Ubuntu,183,10,2211,84.41,2.77
SRV-305,New York,2018-09-17,2023-01-12,Red Hat,136,59,3956,53.39,3.81
SRV-306,Atlanta,2020-02-14,2026-07-31,Linux,146,26,3439,74.1,4.12
SRV-307,Atlanta,2016-01-15,2021-09-13,CentOS,84,29,3606,65.51,0.83
SRV-308,New York,2020-08-31,2027-08-12,Linux,119,35,859,58.45,2.37
SRV-309,New York,2015-02-20,2019-06-26,Ubuntu,240,43,4903,98.19,0.15
SRV-310,San Francisco,2019-02-22,2024-09-23,Windows Server,220,46,3655,98.02,4.29
SRV-311,Atlanta,2017-12-29,2021-03-05,Ubuntu,19,43,1570,51.5,3.65
SRV-312,New York,2016-03-23,2021-04-14,Ubuntu,25,21,2529,55.09,1.81
SRV-313,Atlanta,2021-06-15,2026-03-11,CentOS,134,49,3340,89.5,3.53
SRV-314,Chicago,2015-01-14,2021-06-30,Windows Server,212,62,2463,81.8,2.63
SRV-315,Dallas,2021-06-16,2025-12-22,Red Hat,224,54,4668,54.24,3.43
SRV-316,Atlanta,2021-09-23,2027-02-27,Red Hat,52,49,3276,61.06,2.92
SRV-317,San Francisco,2021-05-19,2026-11-19,Linux,151,29,3800,94.62,3.36
SRV-318,New York,2018-06-03,2024-01-09,CentOS,49,40,4523,68.24,1.95
SRV-319,Dallas,2017-07-15,2024-06-22,Linux,102,49,1008,77.45,1.36
SRV-320,San Francisco,2016-01-11,2020-12-15,Red Hat,46,43,2100,64.6,0.13
SRV-321,San Francisco,2015-10-08,2022-03-12,Linux,69,50,4850,74.02,3.9
SRV-322,San Francisco,2018-10-10,2023-10-05,Red Hat,18,6,2543,91.25,2.88
SRV-323,Chicago,2020-05-07,2026-04-03,Ubuntu,233,10,3537,72.38,4.61
SRV-324,Chicago,2016-02-03,2019-06-14,CentOS,110,57,4151,56.75,3.18
SRV-325,Dallas,2020-08-14,2024-04-11,Ubuntu,80,8,3781,98.65,3.94
SRV-326,Chicago,2016-03-10,2020-10-05,Windows Server,24,17,914,52.22,4.25
SRV-327,Chicago,2020-02-20,2026-06-24,Red Hat,184,55,4030,80.7,4.44
SRV-328,Chicago,2017-08-11,2024-04-07,Red Hat,68,20,1746,97.6,0.12
SRV-329,Atlanta,2020-03-30,2026-05-21,Linux,130,54,4599,62.76,1.56
SRV-330,Chicago,2016-11-30,2021-01-23,Ubuntu,87,21,4924,89.1,3.13
SRV-331,Atlanta,2015-09-07,2020-04-13,Linux,182,8,4469,93.53,4.02
SRV-332,Dallas,2017-07-12,2023-04-02,CentOS,46,16,3391,55.97,0.38
SRV-333,Chicago,2020-06-14,2023-12-10,Ubuntu,190,37,4321,76.5,3.83
SRV-334,New York,2015-09-27,2022-03-09,Ubuntu,122,35,3506,84.8,4.28
SRV-335,Chicago,2018-03-30,2023-10-01,Windows Server,144,4,4555,65.73,1.92
SRV-336,Chicago,2020-02-14,2025-05-04,Red Hat,88,33,764,65.0,0.99
SRV-337,Dallas,2020-03-31,2024-11-27,Windows Server,229,32,4389,54.72,1.56
SRV-338,San Francisco,2021-05-01,2025-03-14,Windows Server,53,24,3253,58.54,2.92
SRV-339,Chicago,2018-11-21,2023-08-31,Windows Server,162,18,925,97.2,3.74
SRV-340,San Francisco,2021-06-12,2028-03-06,Red Hat,149,20,2248,78.29,1.8
SRV-341,Dallas,2019-08-11,2024-11-19,Windows Server,132,58,1553,96.65,0.1
SRV-342,Dallas,2019-03-07,2022-03-28,Windows Server,155,62,3175,63.5,3.45
SRV-343,San Francisco,2020-11-21,2026-08-29,Ubuntu,34,45,608,64.62,3.23
SRV-344,Chicago,2015-05-25,2019-12-17,Red Hat,155,25,2764,96.02,2.4
SRV-345,Atlanta,2020-04-08,2024-11-01,Red Hat,129,25,546,59.82,2.42
SRV-346,Chicago,2016-08-14,2022-10-18,Ubuntu,213,19,3979,67.36,4.66
SRV-347,Dallas,2021-12-01,2026-06-04,Linux,239,64,826,80.67,2.34
SRV-348,San Francisco,2016-06-18,2022-12-22,Red Hat,148,16,3975,60.62,1.0
SRV-349,San Francisco,2017-12-19,2021-05-30,Red Hat,129,15,1161,85.55,0.13
SRV-350,Chicago,2016-06-03,2019-06-15,CentOS,155,23,4903,73.18,0.14
SRV-351,Chicago,2018-04-26,2021-05-22,Windows Server,23,17,2630,69.19,4.24
SRV-352,Dallas,2016-03-02,2020-12-12,Ubuntu,105,63,3166,65.67,0.44
SRV-353,Atlanta,2020-05-05,2025-04-11,Ubuntu,182,4,3026,88.61,0.5
SRV-354,Atlanta,2017-04-07,2022-06-30,Linux,80,24,2085,66.37,0.82
SRV-355,Chicago,2020-01-27,2025-12-10,Ubuntu,166,32,4578,70.47,0.5
SRV-356,Atlanta,2022-01-02,2025-01-13,Red Hat,163,49,3005,60.99,4.16
SRV-357,New York,2017-08-16,2022-05-12,Red Hat,110,7,2788,57.9,3.85
SRV-358,New York,2020-01-09,2026-11-06,Windows Server,120,47,2838,91.98,1.94
SRV-359,Atlanta,2020-07-05,2023-12-02,CentOS,17,43,3245,95.74,4.98
SRV-360,Atlanta,2019-07-02,2025-11-03,Ubuntu,197,31,1703,91.84,2.32
SRV-361,Dallas,2020-01-11,2024-10-31,Windows Server,203,47,4170,89.27,4.58
SRV-362,Atlanta,2019-09-23,2023-12-22,Red Hat,154,49,4438,95.71,0.66
SRV-363,Dallas,2017-08-16,2023-01-20,Ubuntu,230,46,1974,89.29,2.04
SRV-364,Atlanta,2019-10-09,2025-10-24,Linux,129,6,2311,88.41,1.49
SRV-365,New York,2015-04-28,2019-08-29,Windows Server,41,23,1622,85.87,1.16
SRV-366,New York,2019-01-04,2024-09-23,CentOS,81,22,1517,84.11,1.2
SRV-367,Dallas,2015-02-26,2018-07-03,Linux,222,11,1212,83.39,2.72
SRV-368,Atlanta,2015-08-22,2021-11-08,Ubuntu,188,20,2607,52.75,4.4
SRV-369,Dallas,2017-01-18,2021-12-26,Red Hat,212,59,1658,73.19,2.86
SRV-370,New York,2020-08-09,2025-11-11,Ubuntu,32,58,1726,92.26,2.45
SRV-371,Atlanta,2016-12-20,2023-08-21,Red Hat,22,7,909,53.74,2.19
SRV-372,San Francisco,2019-11-05,2024-08-17,Windows Server,197,15,4920,88.86,3.39
SRV-373,San Francisco,2020-04-29,2025-01-30,Ubuntu,224,10,4076,91.49,0.75
SRV-374,Atlanta,2015-08-15,2018-10-19,Ubuntu,45,25,4706,53.36,1.06
SRV-375,Atlanta,2017-06-15,2022-10-26,CentOS,248,61,922,75.73,0.72
SRV-376,Dallas,2017-05-26,2020-06-05,Ubuntu,245,15,562,72.33,4.59
SRV-377,Dallas,2015-09-13,2020-05-05,CentOS,18,10,4267,67.44,3.5
SRV-378,Chicago,2016-12-17,2021-10-02,Windows Server,96,46,1232,97.19,3.02
SRV-379,New York,2021-08-11,2025-03-24,Windows Server,123,38,711,71.3,4.35
SRV-380,New York,2018-06-30,2023-06-19,Linux,171,59,3015,57.52,2.82
SRV-381,San Francisco,2016-07-07,2022-08-12,Ubuntu,97,42,4785,67.36,0.48
SRV-382,New York,2021-05-12,2028-01-16,CentOS,218,4,1818,94.45,4.24
SRV-383,Dallas,2016-10-07,2022-04-13,Windows Server,143,8,3737,72.05,0.83
SRV-384,Dallas,2016-05-24,2020-05-20,Linux,249,35,3663,54.7,3.82
SRV-385,San Francisco,2020-12-12,2026-10-23,Windows Server,88,15,4456,94.03,4.1
SRV-386,Atlanta,2017-10-10,2022-10-30,Ubuntu,149,64,2521,79.05,4.43
SRV-387,New York,2016-02-28,2020-12-16,Windows Server,19,51,909,53.73,4.22
SRV-388,New York,2018-07-02,2023-04-25,Ubuntu,130,44,2839,53.97,1.25
SRV-389,Chicago,2020-02-11,2026-01-10,Linux,104,45,1227,61.18,1.36
SRV-390,Atlanta,2017-09-13,2020-12-30,Ubuntu,92,21,1301,54.06,2.79
SRV-391,New York,2021-09-29,2027-03-24,Windows Server,162,38,3308,57.32,3.23
SRV-392,New York,2015-07-07,2022-03-25,Ubuntu,29,29,1478,79.04,3.34
SRV-393,Dallas,2021-07-25,2025-02-09,Ubuntu,58,43,1260,92.85,1.55
SRV-394,Atlanta,2017-11-21,2022-01-27,Ubuntu,120,43,1482,87.95,2.22
SRV-395,Chicago,2021-11-14,2025-01-12,Red Hat,135,58,2166,81.47,1.71
SRV-396,Chicago,2018-12-26,2024-11-26,Red Hat,224,56,2059,89.74,1.14
SRV-397,Dallas,2021-06-18,2026-10-03,Red Hat,140,47,3128,95.44,0.3
SRV-398,Chicago,2017-01-16,2021-12-17,Linux,220,50,3456,98.26,1.01
SRV-399,San Francisco,2018-11-12,2022-03-16,CentOS,237,28,1963,80.47,1.4
SRV-400,Chicago,2017-05-06,2022-03-04,Linux,83,36,3271,50.68,4.22
SRV-401,Atlanta,2018-03-06,2022-12-07,Ubuntu,146,59,2797,58.46,0.14
SRV-402,New York,2016-07-03,2021-11-01,Windows Server,255,57,1586,79.16,1.98
SRV-403,New York,2019-11-13,2023-03-30,Red Hat,157,55,3106,97.84,3.8
SRV-404,Atlanta,2015-05-01,2018-11-27,Ubuntu,159,7,3997,85.48,3.16
SRV-405,Chicago,2021-09-19,2025-09-29,CentOS,152,55,3890,93.83,3.16
SRV-406,San Francisco,2015-03-28,2020-06-03,CentOS,24,32,3457,56.37,0.59
SRV-407,San Francisco,2019-11-21,2026-11-05,Windows Server,233,10,3058,63.97,2.75
SRV-408,Atlanta,2021-05-02,2024-10-06,CentOS,145,50,559,50.49,4.9
SRV-409,Dallas,2017-10-20,2024-04-28,Windows Server,119,29,1353,59.45,4.7
SRV-410,Dallas,2018-11-11,2022-08-22,Red Hat,144,51,3429,93.14,3.23
SRV-411,San Francisco,2018-08-21,2023-07-04,Windows Server,218,11,4565,85.3,1.32
SRV-412,Atlanta,2016-11-29,2023-05-21,Linux,54,26,4295,51.47,0.93
SRV-413,Atlanta,2020-10-08,2024-04-14,Ubuntu,134,61,792,79.85,4.23
SRV-414,Chicago,2017-12-09,2022-07-03,Red Hat,135,25,2850,77.25,2.81
SRV-415,Atlanta,2021-01-22,2025-12-20,Linux,44,57,3942,84.11,4.06
SRV-416,Dallas,2015-07-26,2022-03-07,Red Hat,236,53,3048,91.44,3.47
SRV-417,Atlanta,2017-03-22,2023-12-11,Linux,218,8,4561,51.12,3.28
SRV-418,New York,2019-01-19,2024-10-27,Red Hat,46,19,1606,65.36,4.97
SRV-419,Chicago,2015-03-30,2018-04-16,Linux,30,18,3546,89.45,2.48
SRV-420,Atlanta,2021-05-05,2027-12-09,Windows Server,75,25,4250,81.26,4.47
SRV-421,New York,2018-10-13,2021-11-13,Red Hat,99,64,4632,74.81,1.54
SRV-422,Dallas,2020-04-11,2024-11-25,Windows Server,97,8,1932,68.25,0.97
SRV-423,Dallas,2019-03-15,2022-12-27,CentOS,106,56,4561,78.82,0.79
SRV-424,San Francisco,2015-01-29,2021-12-02,Linux,94,38,2549,87.55,1.71
SRV-425,Dallas,2021-01-18,2027-07-26,CentOS,24,64,3176,89.54,4.79
SRV-426,Atlanta,2019-02-05,2022-11-21,CentOS,180,36,703,64.86,2.77
SRV-427,San Francisco,2017-12-02,2024-03-25,Red Hat,252,19,4735,58.13,1.32
SRV-428,Dallas,2015-08-28,2019-07-16,Ubuntu,107,50,4162,99.1,4.1
SRV-429,New York,2017-04-09,2022-09-09,Ubuntu,136,41,2045,88.74,1.65
SRV-430,Dallas,2020-09-11,2024-11-25,Windows Server,103,53,4995,84.52,0.34
SRV-431,Chicago,2017-09-23,2022-05-18,Windows Server,173,54,4534,82.3,4.76
SRV-432,Chicago,2019-09-12,2026-03-06,Linux,57,46,2063,68.55,3.81
SRV-433,San Francisco,2019-11-04,2023-06-08,Linux,98,25,653,66.05,2.76
SRV-434,Atlanta,2016-11-30,2020-10-24,Red Hat,167,56,783,85.58,3.09
SRV-435,Atlanta,2021-01-01,2026-12-08,Linux,199,53,2319,63.65,3.65
SRV-436,Dallas,2020-05-21,2026-01-10,Red Hat,188,32,3778,52.32,3.31
SRV-437,Dallas,2020-09-18,2027-02-05,Red Hat,36,31,2939,74.81,0.45
SRV-438,Dallas,2015-07-25,2019-02-28,Ubuntu,56,52,3193,93.55,0.19
SRV-439,Atlanta,2021-01-19,2027-06-07,Windows Server,68,35,2845,63.93,4.22
SRV-440,New York,2017-06-14,2023-07-18,Linux,232,59,2231,86.78,3.69
SRV-441,New York,2020-08-31,2027-06-16,Windows Server,21,64,4140,61.59,0.38
SRV-442,Dallas,2019-12-23,2026-04-08,Linux,107,45,4460,55.83,4.22
SRV-443,San Francisco,2016-08-30,2021-12-11,CentOS,65,60,4517,87.12,1.54
SRV-444,San Francisco,2016-05-30,2022-01-17,CentOS,171,60,1336,82.23,4.91
SRV-445,Dallas,2021-12-18,2027-05-29,Red Hat,171,47,3672,70.16,2.2
SRV-446,Atlanta,2018-04-24,2023-10-26,Windows Server,20,47,3241,85.16,4.58
SRV-447,Atlanta,2017-05-27,2020-07-11,Linux,191,33,3358,97.62,4.3
SRV-448,Dallas,2015-11-17,2019-02-21,Windows Server,98,22,3969,51.92,1.79
SRV-449,New York,2021-07-30,2025-07-21,CentOS,84,56,1655,84.82,3.84
SRV-450,Chicago,2018-05-07,2024-09-25,Ubuntu,28,33,1154,69.35,1.79
SRV-451,San Francisco,2020-07-29,2024-01-24,Linux,88,50,3276,54.36,3.8
SRV-452,Atlanta,2016-05-25,2022-04-18,Linux,130,11,2014,58.07,2.21
SRV-453,Atlanta,2019-07-07,2026-05-11,Windows Server,29,46,2291,81.43,4.49
SRV-454,Dallas,2015-04-17,2020-03-29,Linux,178,51,3942,93.84,2.58
SRV-455,San Francisco,2019-07-20,2023-06-25,Red Hat,134,53,2074,90.74,0.18
SRV-456,San Francisco,2021-11-16,2028-10-04,Red Hat,141,5,2051,94.34,2.45
SRV-457,San Francisco,2018-07-02,2024-11-29,Ubuntu,114,30,2709,60.56,1.22
SRV-458,New York,2019-01-25,2024-05-17,Red Hat,204,5,1891,60.56,2.17
SRV-459,Atlanta,2020-05-06,2024-12-05,Red Hat,24,6,2619,73.96,3.05
SRV-460,New York,2015-01-28,2019-12-11,Linux,127,59,3899,67.45,1.49
SRV-461,Chicago,2016-01-26,2020-01-29,Linux,66,11,559,68.26,2.67
SRV-462,Dallas,2021-07-02,2027-08-05,Linux,162,29,4327,70.9,1.12
SRV-463,Dallas,2017-06-12,2020-09-12,Ubuntu,45,59,1023,77.0,3.55
SRV-464,Chicago,2015-02-27,2021-05-18,Linux,163,40,1064,71.67,3.25
SRV-465,New York,2021-07-16,2028-05-17,Ubuntu,236,31,4421,95.54,1.26
SRV-466,Chicago,2018-04-15,2022-03-30,Red Hat,179,25,3452,64.34,0.34
SRV-467,Dallas,2021-01-20,2027-06-08,Ubuntu,66,24,4521,98.58,2.42
SRV-468,Dallas,2019-05-06,2024-08-15,CentOS,64,20,2945,56.78,3.18
SRV-469,New York,2020-06-15,2025-08-18,Red Hat,71,16,3533,77.1,1.25
SRV-470,Chicago,2020-10-27,2025-05-06,Red Hat,111,31,2479,84.49,3.41
SRV-471,San Francisco,2016-08-02,2021-01-05,Linux,245,27,3126,55.31,3.84
SRV-472,Chicago,2017-11-06,2023-07-18,Windows Server,42,46,783,51.42,3.45
SRV-473,San Francisco,2017-11-30,2021-06-08,Red Hat,99,53,516,72.13,2.19
SRV-474,Chicago,2021-02-21,2025-07-07,Red Hat,112,23,2556,90.17,4.22
SRV-475,New York,2020-11-21,2026-04-23,Linux,80,38,539,54.89,4.22
SRV-476,Dallas,2016-03-01,2020-08-30,Red Hat,130,63,1675,53.93,1.46
SRV-477,Chicago,2016-09-05,2021-07-07,Linux,70,37,4666,93.14,2.75
SRV-478,San Francisco,2019-06-02,2023-04-22,Windows Server,121,36,944,66.19,4.66
SRV-479,Dallas,2018-05-13,2024-09-06,CentOS,155,44,1810,83.7,0.08
SRV-480,Atlanta,2017-09-04,2020-11-23,Red Hat,194,55,3119,81.81,1.2
SRV-481,Atlanta,2017-11-18,2022-08-03,CentOS,37,17,2839,79.53,0.06
SRV-482,Dallas,2017-01-15,2022-09-05,Ubuntu,95,16,3699,71.45,4.99
SRV-483,New York,2021-05-28,2027-02-19,Linux,80,16,2339,82.79,4.94
SRV-484,New York,2019-04-24,2025-08-02,Red Hat,243,30,1534,70.27,2.73
SRV-485,Atlanta,2015-09-09,2020-07-15,CentOS,67,14,1150,60.72,0.95
SRV-486,Chicago,2016-04-10,2021-12-30,Red Hat,197,54,1729,64.61,1.9
SRV-487,Chicago,2021-02-25,2027-01-06,Linux,183,51,2446,59.81,1.97
SRV-488,Atlanta,2015-10-21,2020-09-09,Red Hat,213,13,2401,62.98,2.63
SRV-489,New York,2016-10-19,2020-03-20,Ubuntu,248,63,4624,64.48,4.96
SRV-490,Atlanta,2015-02-27,2020-03-31,Ubuntu,222,23,1275,57.01,3.84
SRV-491,New York,2020-04-27,2023-08-29,Linux,60,45,4420,91.93,3.76
SRV-492,Dallas,2021-12-28,2025-09-02,Linux,199,9,810,95.62,2.5
SRV-493,Atlanta,2018-10-04,2024-11-15,Windows Server,21,21,1657,52.73,1.59
SRV-494,Atlanta,2015-11-17,2019-04-11,Ubuntu,119,34,2863,91.56,0.64
SRV-495,Chicago,2016-05-08,2020-05-21,Ubuntu,97,64,4490,91.1,0.08
SRV-496,New York,2018-09-30,2024-01-24,Windows Server,128,58,523,95.55,3.88
SRV-497,Dallas,2019-09-16,2022-09-15,Windows Server,186,56,4477,83.08,3.09
SRV-498,Atlanta,2021-03-28,2026-11-21,CentOS,122,42,3354,64.92,2.35
SRV-499,Chicago,2021-08-24,2026-04-27,Windows Server,139,8,4397,61.07,4.84
SRV-500,San Francisco,2017-06-03,2023-05-23,Ubuntu,121,59,2772,75.4,4.63
SRV-501,San Francisco,2015-04-04,2020-07-31,Linux,200,62,3752,84.99,2.61
SRV-502,Chicago,2015-09-30,2020-06-29,Ubuntu,197,13,4235,53.32,3.87
SRV-503,New York,2020-03-10,2025-11-01,Ubuntu,149,42,3174,63.56,3.15
SRV-504,San Francisco,2020-11-28,2026-06-06,Ubuntu,234,22,1025,78.05,3.27
SRV-505,New York,2016-04-10,2021-12-02,Linux,98,63,4114,78.13,2.45
SRV-506,Chicago,2016-11-14,2022-09-30,Windows Server,223,11,514,76.09,0.69
SRV-507,Atlanta,2021-05-01,2026-08-12,Windows Server,123,10,3660,76.08,2.91
SRV-508,Dallas,2021-12-04,2028-09-21,Red Hat,132,53,1419,72.41,2.48
SRV-509,New York,2017-03-06,2022-07-28,Windows Server,62,17,1851,51.98,3.91
SRV-510,Atlanta,2018-06-01,2022-09-10,Ubuntu,229,11,626,53.5,3.06
SRV-511,New York,2021-12-27,2027-08-17,CentOS,144,39,1285,59.63,0.93
SRV-512,Atlanta,2018-07-04,2024-10-15,Red Hat,235,50,4770,58.12,0.68
SRV-513,Dallas,2017-06-11,2021-02-05,CentOS,236,37,3173,69.75,1.55
SRV-514,New York,2015-01-27,2019-04-26,Ubuntu,146,61,2252,53.59,3.26
SRV-515,Atlanta,2019-03-20,2024-01-29,CentOS,235,15,2825,84.99,4.7
SRV-516,Chicago,2016-01-22,2021-03-22,CentOS,52,45,1633,85.26,1.36
SRV-517,Atlanta,2015-02-05,2021-02-06,CentOS,222,4,1234,60.37,0.47
SRV-518,Chicago,2018-07-05,2024-04-19,Linux,139,62,1514,52.49,0.5
SRV-519,Dallas,2021-03-22,2024-06-29,Red Hat,127,26,4763,83.34,1.14
SRV-520,Dallas,2019-02-06,2023-03-14,Ubuntu,131,21,2282,50.4,3.26
SRV-521,Dallas,2020-10-06,2024-09-09,CentOS,48,10,3424,85.9,0.54
SRV-522,San Francisco,2018-08-22,2024-08-12,CentOS,170,38,3758,97.75,1.95
SRV-523,Dallas,2021-12-13,2028-12-11,Windows Server,53,21,3547,73.48,2.04
SRV-524,San Francisco,2017-04-20,2021-09-10,Ubuntu,122,51,581,98.61,4.95
SRV-525,San Francisco,2016-12-12,2023-04-22,Windows Server,73,34,4156,64.09,3.52
SRV-526,New York,2017-02-06,2022-08-01,Linux,60,41,2684,98.75,2.64
SRV-527,Chicago,2016-01-25,2019-09-08,Ubuntu,235,49,1665,65.19,3.54
SRV-528,New York,2021-12-09,2028-05-27,Red Hat,123,59,3361,78.13,0.06
SRV-529,Dallas,2017-03-07,2022-10-22,CentOS,46,17,2485,88.7,3.08
SRV-530,Chicago,2017-10-09,2024-01-23,Red Hat,197,28,2774,97.62,4.72
SRV-531,Atlanta,2019-12-05,2024-06-13,CentOS,78,60,3058,96.44,2.44
SRV-532,Chicago,2019-08-06,2023-01-08,Red Hat,79,33,4252,99.0,4.08
SRV-533,Dallas,2016-05-10,2021-08-19,Linux,205,59,2338,72.31,3.51
SRV-534,Chicago,2019-01-22,2023-09-08,CentOS,238,12,2399,84.43,4.46
SRV-535,Chicago,2016-03-05,2022-12-12,CentOS,41,15,2683,97.16,3.91
SRV-536,Chicago,2015-09-21,2018-10-15,Red Hat,246,10,4472,78.0,2.89
SRV-537,San Francisco,2019-03-08,2026-02-11,Red Hat,106,17,2987,74.81,3.86
SRV-538,Atlanta,2019-07-23,2023-08-31,Ubuntu,17,13,2382,59.19,4.51
SRV-539,Atlanta,2020-05-26,2025-02-13,Red Hat,29,45,1112,52.29,3.51
SRV-540,Chicago,2017-08-22,2021-12-06,Windows Server,172,38,3488,90.47,1.04
SRV-541,Atlanta,2018-11-05,2025-08-14,Red Hat,163,37,4289,52.99,2.35
SRV-542,Chicago,2019-04-28,2024-06-24,Ubuntu,24,11,3883,86.6,0.54
SRV-543,Dallas,2016-08-19,2020-06-25,CentOS,173,42,4209,51.9,0.62
SRV-544,Dallas,2018-12-28,2022-06-06,Windows Server,93,34,1556,53.65,4.75
SRV-545,Atlanta,2019-11-27,2025-01-23,Ubuntu,46,32,4356,95.91,0.13
SRV-546,Dallas,2016-06-29,2021-06-09,CentOS,193,51,4400,53.86,0.89
SRV-547,Atlanta,2020-04-24,2024-10-23,Windows Server,130,39,4201,51.35,0.63
SRV-548,Atlanta,2017-06-03,2022-05-29,Linux,242,19,2756,79.65,2.78
SRV-549,Dallas,2015-07-16,2019-02-22,Ubuntu,37,17,1814,76.71,0.84
SRV-550,Chicago,2018-05-06,2022-07-12,Linux,52,15,4087,95.23,1.96
SRV-551,Chicago,2018-03-16,2022-11-29,CentOS,240,39,1917,58.9,3.0
SRV-552,New York,2018-11-13,2024-05-23,CentOS,57,17,4872,99.66,0.37
SRV-553,Atlanta,2019-04-09,2025-12-30,Linux,65,20,3899,76.27,3.0
SRV-554,Chicago,2019-05-17,2025-08-13,Red Hat,79,42,1608,94.2,2.9
SRV-555,Atlanta,2017-11-22,2022-12-28,Red Hat,87,31,2660,78.5,0.92
SRV-556,Dallas,2020-05-24,2025-10-09,Windows Server,128,42,1661,86.76,4.68
SRV-557,New York,2016-02-04,2019-05-21,Red Hat,156,44,4365,50.48,4.7
SRV-558,Chicago,2019-09-08,2025-08-27,CentOS,107,13,4791,64.98,4.0
SRV-559,Dallas,2017-01-25,2023-03-10,CentOS,158,14,2717,57.31,2.22
SRV-560,Chicago,2019-10-08,2025-01-12,Windows Server,195,28,2203,60.21,0.7
SRV-561,Atlanta,2016-03-31,2020-09-21,Ubuntu,119,22,1797,85.58,2.99
SRV-562,Atlanta,2020-03-09,2024-12-23,CentOS,112,35,1437,70.7,2.91
SRV-563,Dallas,2017-02-05,2022-12-22,Red Hat,215,52,3160,86.57,0.77
SRV-564,New York,2017-03-19,2022-01-02,Windows Server,33,31,1350,50.61,2.68
SRV-565,New York,2020-02-20,2025-06-14,CentOS,252,34,2443,74.34,0.54
SRV-566,Chicago,2015-08-27,2021-06-04,CentOS,27,44,2487,90.44,2.01
SRV-567,New York,2018-08-05,2023-07-08,Linux,96,50,974,53.11,3.42
SRV-568,Atlanta,2017-08-27,2022-10-16,Linux,67,56,2408,74.04,2.33
SRV-569,Atlanta,2020-07-24,2025-05-28,CentOS,68,45,4195,62.61,3.21
SRV-570,San Francisco,2019-12-30,2025-10-12,Ubuntu,185,64,2403,96.15,0.13
SRV-571,San Francisco,2019-03-08,2023-05-17,Linux,153,4,3651,69.37,2.7
SRV-572,New York,2020-09-14,2025-05-29,Red Hat,104,61,4299,56.03,1.0
SRV-573,San Francisco,2021-12-23,2028-07-30,Red Hat,193,39,801,86.95,2.31
SRV-574,Dallas,2021-08-27,2026-09-11,Windows Server,256,40,3475,75.2,2.21
SRV-575,Chicago,2015-12-08,2021-09-16,Linux,148,47,1120,93.0,4.42
SRV-576,Chicago,2016-12-14,2020-08-27,Linux,180,42,3490,55.03,2.69
SRV-577,Dallas,2015-08-02,2019-12-24,Windows Server,252,57,2509,66.29,0.46
SRV-578,Dallas,2017-01-09,2022-07-25,CentOS,139,6,3589,82.4,3.3
SRV-579,New York,2019-01-16,2025-12-07,Windows Server,184,37,1194,89.63,0.18
SRV-580,New York,2018-05-05,2024-06-01,Windows Server,154,15,4397,76.39,2.2
SRV-581,New York,2020-11-10,2026-02-16,Linux,149,56,3733,54.81,3.71
SRV-582,Chicago,2015-05-28,2019-07-15,CentOS,230,34,1649,65.11,4.65
SRV-583,San Francisco,2015-07-03,2022-03-04,Linux,113,59,4993,76.17,4.65
SRV-584,New York,2019-10-29,2025-08-10,Red Hat,108,5,778,78.27,1.57
SRV-585,Atlanta,2018-10-17,2022-02-11,Windows Server,99,13,1046,96.95,3.55
SRV-586,Atlanta,2020-12-27,2027-08-26,Red Hat,139,51,3343,92.28,2.76
SRV-587,Dallas,2016-01-12,2021-07-09,Windows Server,68,15,3674,96.92,4.26
SRV-588,San Francisco,2019-05-13,2025-12-18,Windows Server,201,46,3910,78.5,0.47
SRV-589,Atlanta,2017-05-06,2022-09-12,Ubuntu,181,26,723,76.54,0.05
SRV-590,San Francisco,2018-02-11,2021-05-16,Linux,135,40,4183,59.4,1.35
SRV-591,New York,2021-10-15,2026-05-17,Windows Server,191,20,722,82.41,3.34
SRV-592,New York,2016-03-06,2021-11-28,Windows Server,117,20,3622,83.59,2.73
SRV-593,San Francisco,2021-01-27,2025-01-19,Ubuntu,218,13,3034,53.09,4.92
SRV-594,San Francisco,2021-11-10,2027-11-15,Ubuntu,241,52,2203,85.48,2.64
SRV-595,Atlanta,2017-11-11,2024-03-27,Ubuntu,129,46,4394,90.39,2.62
SRV-596,Chicago,2021-02-23,2025-01-16,Red Hat,144,13,4269,67.52,0.59
SRV-597,San Francisco,2017-01-25,2020-04-01,Red Hat,239,50,898,51.88,4.79
SRV-598,Dallas,2017-09-05,2022-09-15,CentOS,156,15,4736,67.72,0.72
SRV-599,San Francisco,2018-06-02,2022-11-19,Ubuntu,42,48,3202,71.89,1.31
SRV-600,San Francisco,2018-08-03,2022-02-17,Ubuntu,145,24,4040,92.83,5.0
SRV-601,San Francisco,2021-12-17,2027-01-27,CentOS,82,33,3277,59.02,4.98
SRV-602,Chicago,2019-10-21,2024-06-18,Red Hat,80,50,4654,69.13,1.8
SRV-603,Chicago,2015-12-26,2022-03-15,Windows Server,142,53,969,85.38,2.92
SRV-604,Chicago,2015-09-01,2020-03-08,Red Hat,211,32,928,88.97,4.45
SRV-605,Chicago,2021-06-06,2024-11-14,Red Hat,254,18,1422,58.56,1.56
SRV-606,New York,2017-05-17,2022-10-07,CentOS,86,37,4882,94.11,4.47
SRV-607,San Francisco,2019-03-02,2024-11-25,Windows Server,87,16,2421,50.85,4.23
SRV-608,Chicago,2015-05-08,2021-05-29,Windows Server,199,23,1315,51.33,2.58
SRV-609,Atlanta,2016-06-03,2022-12-28,Windows Server,48,22,3952,52.11,3.85
SRV-610,Dallas,2015-01-27,2018-04-04,CentOS,201,12,2085,93.96,1.8
SRV-611,New York,2019-02-16,2023-05-08,Windows Server,164,35,523,61.09,2.4
SRV-612,New York,2019-02-25,2023-04-29,CentOS,108,16,2826,60.35,3.05
SRV-613,Dallas,2018-01-14,2022-08-07,Linux,36,36,696,84.2,0.94
SRV-614,Atlanta,2019-11-01,2022-11-30,Linux,227,51,4130,77.92,2.7
SRV-615,New York,2019-07-05,2023-04-16,Red Hat,123,11,1889,52.87,0.99
SRV-616,Atlanta,2019-02-17,2024-01-19,Windows Server,172,28,4378,85.78,0.43
SRV-617,San Francisco,2015-09-20,2022-08-08,Ubuntu,59,8,2388,60.66,1.08
SRV-618,Dallas,2015-06-01,2018-11-20,Ubuntu,195,47,2673,90.16,0.91
SRV-619,Chicago,2019-02-25,2024-08-21,Ubuntu,223,5,3804,54.11,4.83
SRV-620,San Francisco,2017-06-25,2023-11-18,Ubuntu,83,63,2195,95.65,4.37
SRV-621,Chicago,2015-12-26,2020-06-27,Ubuntu,116,40,1922,69.22,2.39
SRV-622,Dallas,2021-09-16,2025-07-26,Ubuntu,188,62,3377,58.32,0.96
SRV-623,Chicago,2019-09-22,2025-04-21,Red Hat,242,40,3036,78.43,1.86
SRV-624,San Francisco,2019-05-28,2024-02-01,CentOS,60,24,2200,71.2,3.35
SRV-625,Chicago,2015-06-29,2020-06-29,Ubuntu,189,6,4238,52.77,0.94
SRV-626,New York,2017-06-01,2023-05-29,CentOS,159,25,3883,58.42,3.48
SRV-627,Dallas,2019-05-10,2023-11-26,Ubuntu,121,30,1845,94.42,3.95
SRV-628,Chicago,2020-06-28,2025-08-17,Linux,132,39,4239,83.17,4.91
SRV-629,San Francisco,2018-03-13,2024-12-10,CentOS,149,20,4746,57.05,1.38
SRV-630,Atlanta,2016-01-28,2019-05-30,Red Hat,114,44,1494,94.59,4.65
SRV-631,Chicago,2015-11-20,2022-05-21,Ubuntu,140,31,591,71.82,2.96
SRV-632,New York,2015-02-03,2018-05-13,CentOS,199,49,1995,62.39,1.23
SRV-633,San Francisco,2019-11-12,2023-10-30,Red Hat,184,11,2873,59.32,4.2
SRV-634,Dallas,2016-07-05,2020-06-01,Linux,152,18,3359,79.49,2.69
SRV-635,New York,2017-02-25,2020-05-10,Red Hat,100,62,1921,73.73,1.99
SRV-636,Chicago,2015-08-03,2020-06-29,Windows Server,32,23,1333,99.53,1.0
SRV-637,New York,2018-01-11,2021-11-09,Ubuntu,130,50,551,66.6,2.03
SRV-638,Chicago,2019-01-28,2024-11-13,Red Hat,151,34,2740,80.27,0.57
SRV-639,Chicago,2018-02-26,2021-05-10,Windows Server,253,27,3933,99.57,3.8
SRV-640,Chicago,2019-08-26,2026-05-22,CentOS,100,61,4369,57.1,2.54
SRV-641,New York,2018-04-13,2022-07-09,CentOS,82,48,2469,76.18,0.33
SRV-642,Atlanta,2018-08-06,2024-11-16,Linux,56,6,605,52.97,4.19
SRV-643,Atlanta,2017-06-26,2023-04-20,Linux,90,27,939,76.38,0.46
SRV-644,Atlanta,2019-08-03,2023-12-14,CentOS,155,45,4682,62.5,2.35
SRV-645,Chicago,2017-07-06,2021-08-16,Linux,240,5,795,88.42,3.1
SRV-646,Atlanta,2019-09-30,2026-09-22,Linux,124,46,2162,97.09,0.91
SRV-647,San Francisco,2019-11-11,2024-08-05,Windows Server,129,51,2470,90.02,2.52
SRV-648,Chicago,2020-11-27,2026-10-03,CentOS,113,24,2948,81.06,2.89
SRV-649,Chicago,2017-09-02,2021-10-17,CentOS,46,20,4809,83.42,0.15
SRV-650,Dallas,2016-09-30,2019-11-19,Linux,51,44,2361,75.75,0.16
SRV-651,New York,2015-04-22,2021-01-15,Ubuntu,52,16,3270,84.26,3.71
SRV-652,New York,2020-03-22,2023-09-01,Red Hat,230,21,1394,84.71,2.38
SRV-653,New York,2021-09-23,2027-04-17,Ubuntu,159,62,1868,78.07,3.52
SRV-654,Dallas,2016-05-02,2020-08-13,CentOS,69,7,2080,73.57,3.87
SRV-655,Atlanta,2021-07-31,2026-06-26,Ubuntu,190,60,4719,84.07,2.54
SRV-656,San Francisco,2016-01-05,2021-04-25,CentOS,155,9,832,52.9,1.25
SRV-657,San Francisco,2021-02-22,2025-10-22,Windows Server,158,24,618,74.17,2.37
SRV-658,Dallas,2015-01-24,2018-10-26,CentOS,120,37,3600,90.15,4.29
SRV-659,San Francisco,2021-04-29,2025-03-31,Windows Server,224,29,2738,86.42,3.61
SRV-660,Dallas,2017-11-17,2021-07-06,Windows Server,147,52,4347,76.28,2.0
SRV-661,New York,2021-05-18,2028-05-05,Red Hat,48,64,1049,87.32,3.27
SRV-662,San Francisco,2017-11-06,2021-09-23,Ubuntu,65,41,787,69.33,2.3
SRV-663,New York,2016-11-30,2021-03-22,Red Hat,253,17,2669,82.09,4.16
SRV-664,Atlanta,2017-11-12,2024-05-07,Linux,112,51,3727,83.12,3.3
SRV-665,New York,2019-07-03,2024-01-05,Windows Server,135,54,1904,60.06,0.26
SRV-666,Atlanta,2017-11-28,2023-07-12,Windows Server,52,9,4667,76.88,0.76
SRV-667,San Francisco,2015-05-08,2019-09-06,Ubuntu,97,53,795,97.94,3.54
SRV-668,Atlanta,2020-02-11,2023-12-15,Ubuntu,101,26,1844,77.15,4.62
SRV-669,Dallas,2019-02-07,2024-09-28,CentOS,55,47,4052,52.59,2.3
SRV-670,Dallas,2017-05-16,2022-10-14,CentOS,149,62,1621,71.07,2.15
SRV-671,New York,2016-02-04,2022-09-22,Red Hat,151,62,2976,50.06,0.94
SRV-672,Chicago,2017-10-22,2024-06-17,Red Hat,98,9,1636,87.69,3.17
SRV-673,New York,2021-10-27,2028-04-03,Linux,68,52,4986,70.31,0.47
SRV-674,Atlanta,2018-12-08,2024-04-25,Ubuntu,122,57,2333,69.48,0.7
SRV-675,Dallas,2017-02-22,2022-05-27,Red Hat,239,5,4477,93.6,2.1
SRV-676,Chicago,2016-06-12,2020-12-22,Red Hat,210,45,832,51.25,3.21
SRV-677,Chicago,2015-01-03,2021-12-06,Ubuntu,250,28,1197,75.35,2.22
SRV-678,San Francisco,2018-07-09,2022-12-10,Ubuntu,164,55,1562,93.16,0.42
SRV-679,Dallas,2020-03-17,2025-10-30,Ubuntu,252,40,4853,87.94,0.96
SRV-680,Dallas,2019-10-04,2023-11-18,Linux,81,39,1043,61.14,4.41
SRV-681,Chicago,2016-08-08,2023-06-25,CentOS,57,31,2428,97.22,2.55
SRV-682,Atlanta,2015-06-21,2021-05-11,Linux,82,59,3317,83.48,2.18
SRV-683,New York,2017-06-17,2023-05-20,Windows Server,32,11,1244,82.93,4.17
SRV-684,Chicago,2018-12-17,2022-06-13,Ubuntu,253,8,4791,60.44,4.38
SRV-685,San Francisco,2016-02-10,2022-02-26,Windows Server,165,23,1888,90.28,4.98
SRV-686,Dallas,2020-12-18,2026-01-08,Linux,131,59,3485,69.11,3.19
SRV-687,New York,2016-12-20,2021-11-27,Red Hat,253,24,2550,83.06,3.12
SRV-688,Chicago,2015-10-11,2021-02-01,CentOS,26,18,684,51.02,0.12
SRV-689,Atlanta,2017-10-27,2024-08-11,Ubuntu,68,58,980,56.28,2.61
SRV-690,New York,2019-09-06,2026-02-16,CentOS,174,25,2342,75.7,4.25
SRV-691,San Francisco,2021-01-29,2027-01-12,CentOS,43,48,1419,90.87,4.5
SRV-692,San Francisco,2021-03-19,2024-06-18,Ubuntu,171,18,704,55.76,1.27
SRV-693,Chicago,2019-06-21,2023-08-25,CentOS,86,12,875,83.47,2.93
SRV-694,New York,2017-02-10,2023-09-30,CentOS,212,46,3049,88.25,4.43
SRV-695,San Francisco,2018-09-28,2024-04-16,Ubuntu,45,6,4616,58.34,4.41
SRV-696,New York,2016-12-23,2022-10-05,CentOS,60,44,4906,85.07,4.87
SRV-697,Dallas,2017-12-02,2022-01-31,Linux,154,61,3997,52.36,1.62
SRV-698,Atlanta,2021-10-14,2028-05-26,Ubuntu,143,28,4880,89.93,0.66
SRV-699,Atlanta,2019-09-17,2025-09-24,Red Hat,19,59,1058,58.54,1.76
SRV-700,Atlanta,2016-06-01,2022-11-29,CentOS,119,53,2375,66.07,3.41
SRV-701,New York,2018-01-04,2024-12-26,Windows Server,252,14,4360,87.01,0.9
SRV-702,Chicago,2015-08-25,2019-08-17,Windows Server,221,33,3743,58.23,0.4
SRV-703,New York,2020-04-29,2027-01-26,CentOS,101,21,4343,60.05,2.87
SRV-704,Dallas,2016-10-09,2022-01-12,Red Hat,253,28,3467,98.45,0.28
SRV-705,New York,2018-04-22,2024-12-10,Windows Server,70,6,4298,52.68,3.08
SRV-706,Atlanta,2017-01-06,2023-04-06,Windows Server,17,19,1999,56.21,2.66
SRV-707,San Francisco,2018-04-18,2024-08-10,Ubuntu,240,36,726,57.98,4.84
SRV-708,Chicago,2015-10-19,2019-11-12,Windows Server,168,21,2171,98.08,2.22
SRV-709,San Francisco,2019-12-14,2025-04-12,Linux,99,62,562,88.46,3.68
SRV-710,Atlanta,2020-12-24,2025-10-23,Red Hat,76,24,2895,91.3,0.8
SRV-711,Chicago,2020-07-26,2026-04-03,CentOS,107,36,2794,87.76,4.08
SRV-712,New York,2021-03-12,2026-12-04,Windows Server,189,16,2584,78.61,3.4
SRV-713,San Francisco,2016-06-21,2021-04-26,CentOS,157,34,2510,97.11,3.71
SRV-714,Atlanta,2016-12-16,2021-07-16,Windows Server,132,11,701,92.15,3.4
SRV-715,Chicago,2017-06-15,2021-01-02,Red Hat,116,51,708,83.43,2.98
SRV-716,New York,2017-06-19,2021-01-30,Ubuntu,230,11,738,67.71,0.36
SRV-717,Dallas,2019-10-01,2023-08-19,Windows Server,100,48,743,73.82,0.09
SRV-718,San Francisco,2018-09-22,2025-08-09,Red Hat,87,15,1964,89.89,1.3
SRV-719,San Francisco,2016-10-11,2021-03-10,CentOS,218,21,1718,99.06,4.71
SRV-720,Atlanta,2021-08-31,2026-09-20,Red Hat,135,34,2570,57.91,4.53
SRV-721,Atlanta,2021-01-30,2025-11-06,CentOS,130,25,3831,78.86,4.27
SRV-722,San Francisco,2015-04-07,2021-08-10,Ubuntu,175,29,733,51.92,0.37
SRV-723,Dallas,2015-04-20,2021-01-03,Red Hat,218,27,3634,91.67,1.86
SRV-724,Dallas,2015-10-10,2018-11-12,Linux,247,51,2292,89.42,0.17
SRV-725,Chicago,2015-11-10,2021-04-21,Ubuntu,81,46,4543,59.86,1.29
SRV-726,New York,2019-09-01,2026-01-22,CentOS,17,58,1531,96.17,1.82
SRV-727,Atlanta,2016-08-19,2019-11-18,Red Hat,24,47,2079,99.55,2.84
SRV-728,Atlanta,2020-03-01,2024-01-21,Windows Server,192,44,616,93.46,0.11
SRV-729,Dallas,2017-11-09,2021-03-18,Linux,165,61,3938,52.45,2.45
SRV-730,Atlanta,2016-10-14,2022-10-30,Red Hat,252,55,2216,60.48,1.68
SRV-731,Dallas,2019-01-01,2024-04-07,Ubuntu,148,49,573,77.95,0.36
SRV-732,Atlanta,2018-11-29,2022-02-09,Windows Server,167,59,2824,99.64,2.81
SRV-733,Chicago,2017-02-16,2022-09-17,Ubuntu,29,17,1448,67.95,2.39
SRV-734,Atlanta,2017-08-09,2020-10-09,Linux,191,32,1634,78.17,1.6
SRV-735,Chicago,2020-07-29,2027-01-15,Red Hat,187,55,4139,83.15,0.95
SRV-736,Dallas,2017-11-06,2024-09-08,Windows Server,251,7,4618,52.2,4.78
SRV-737,San Francisco,2016-06-22,2022-04-01,CentOS,90,12,4232,63.14,1.73
SRV-738,Dallas,2019-03-25,2025-12-09,CentOS,216,32,576,93.02,4.64
SRV-739,New York,2017-10-10,2024-03-30,Ubuntu,135,14,1364,66.48,3.97
SRV-740,Atlanta,2016-06-24,2023-01-23,CentOS,171,56,1227,85.22,2.91
SRV-741,Dallas,2015-11-11,2019-09-02,Red Hat,165,14,3362,75.14,4.68
SRV-742,Dallas,2021-10-04,2026-06-09,Ubuntu,184,44,3701,74.39,2.87
SRV-743,San Francisco,2017-09-16,2023-04-12,Linux,234,36,1524,55.01,1.64
SRV-744,San Francisco,2021-01-09,2025-11-16,Ubuntu,226,47,3179,90.55,4.94
SRV-745,San Francisco,2018-09-24,2021-11-27,Windows Server,213,24,623,64.68,3.49
SRV-746,New York,2017-08-26,2023-02-03,Red Hat,139,15,1773,58.54,0.08
SRV-747,Dallas,2021-04-08,2027-09-28,CentOS,235,21,3713,57.84,0.5
SRV-748,Chicago,2015-02-26,2019-02-03,Red Hat,18,44,4215,74.21,4.06
SRV-749,Dallas,2019-05-16,2026-04-05,CentOS,239,19,4056,66.52,0.36
SRV-750,New York,2018-05-24,2025-04-03,CentOS,103,53,2605,70.44,1.28
SRV-751,Dallas,2020-07-04,2025-03-08,Linux,92,36,2876,75.98,2.08
SRV-752,Chicago,2017-04-09,2021-03-26,Linux,169,15,1964,94.65,2.92
SRV-753,Atlanta,2016-08-16,2022-05-31,Windows Server,65,29,1646,81.89,3.8
SRV-754,Chicago,2015-10-23,2022-07-09,Linux,26,23,2930,80.05,4.39
SRV-755,San Francisco,2020-10-03,2025-02-25,Linux,168,4,2796,80.89,2.73
SRV-756,Atlanta,2016-11-29,2023-07-08,Ubuntu,217,58,689,84.1,2.37
SRV-757,New York,2018-12-27,2025-08-11,Windows Server,239,45,711,61.03,2.97
SRV-758,Atlanta,2017-09-06,2021-07-07,Ubuntu,112,54,2268,53.96,1.65
SRV-759,Atlanta,2015-04-30,2021-07-07,Linux,246,28,4153,89.39,4.73
SRV-760,Chicago,2016-07-01,2019-09-21,Windows Server,219,30,3072,99.83,3.98
SRV-761,Chicago,2015-10-19,2020-11-21,Linux,53,20,4924,66.16,2.48
SRV-762,Dallas,2016-03-12,2022-02-05,Ubuntu,17,40,2022,82.98,0.21
SRV-763,Chicago,2016-03-16,2019-12-20,Ubuntu,89,55,4635,86.4,4.46
SRV-764,New York,2019-01-02,2024-04-24,Windows Server,28,36,2462,67.18,3.07
SRV-765,Chicago,2020-11-07,2025-02-21,Windows Server,132,34,4253,67.36,4.77
SRV-766,Atlanta,2016-10-14,2020-07-29,Ubuntu,23,33,725,98.29,3.07
SRV-767,Dallas,2016-04-29,2023-02-16,Windows Server,93,48,4581,76.86,4.98
SRV-768,New York,2016-06-06,2022-10-08,CentOS,28,23,2552,59.3,1.1
SRV-769,San Francisco,2016-07-29,2020-10-02,Linux,220,56,4911,55.52,0.54
SRV-770,Atlanta,2016-05-26,2022-11-16,Red Hat,57,46,4640,54.6,3.44
SRV-771,Dallas,2017-10-12,2022-10-25,Windows Server,223,62,1396,65.19,1.28
SRV-772,Chicago,2021-08-27,2026-04-20,Linux,100,34,1982,70.94,0.73
SRV-773,Dallas,2018-02-17,2021-07-13,Ubuntu,200,26,1053,76.59,1.68
SRV-774,San Francisco,2021-08-25,2027-06-28,Ubuntu,171,39,540,70.71,2.76
SRV-775,Dallas,2019-01-31,2022-03-25,Linux,200,46,838,50.16,1.72
SRV-776,Dallas,2021-05-22,2026-10-19,Linux,156,63,4033,81.79,3.35
SRV-777,Atlanta,2015-09-05,2020-04-13,Ubuntu,139,24,1677,90.56,3.82
SRV-778,Dallas,2021-04-28,2025-08-02,CentOS,74,49,1024,51.21,4.21
SRV-779,Chicago,2015-01-12,2018-07-01,Linux,158,32,2360,91.36,4.89
SRV-780,Atlanta,2018-12-22,2023-12-12,Red Hat,34,17,4764,61.53,0.18
SRV-781,Atlanta,2017-12-21,2023-05-23,Ubuntu,25,61,533,74.98,3.5
SRV-782,San Francisco,2019-08-24,2023-12-14,Red Hat,171,39,1706,51.24,2.55
SRV-783,Chicago,2015-04-19,2020-10-16,Windows Server,27,32,3211,62.43,2.95
SRV-784,New York,2019-06-30,2025-11-09,Windows Server,197,62,1693,86.93,2.61
SRV-785,Dallas,2020-02-11,2025-10-10,Ubuntu,98,62,3248,58.9,3.55
SRV-786,New York,2019-03-15,2023-03-09,Red Hat,103,28,4318,57.75,1.72
SRV-787,Chicago,2016-02-17,2021-06-20,Ubuntu,176,36,4138,60.54,3.9
SRV-788,Atlanta,2021-05-16,2025-10-29,CentOS,199,24,2251,61.17,1.88
SRV-789,Chicago,2017-06-18,2024-01-03,Red Hat,104,10,4806,58.94,4.38
SRV-790,Dallas,2020-06-13,2027-03-14,Windows Server,76,12,4336,80.45,4.46
SRV-791,Dallas,2019-09-25,2022-10-16,Windows Server,57,44,4096,70.32,1.15
SRV-792,Chicago,2015-01-25,2019-03-14,Linux,248,9,666,78.77,1.79
SRV-793,Atlanta,2018-02-22,2021-09-28,Linux,164,47,4041,89.0,3.14
SRV-794,New York,2015-09-09,2019-02-07,Windows Server,169,20,4155,61.71,1.54
SRV-795,Dallas,2020-01-17,2024-08-07,Windows Server,33,39,3750,96.91,1.72
SRV-796,New York,2020-11-21,2026-06-14,Linux,37,32,1636,76.37,3.57
SRV-797,New York,2016-09-03,2020-11-09,Ubuntu,162,37,2047,62.83,0.93
SRV-798,Dallas,2016-05-31,2023-02-08,Windows Server,52,11,1103,83.24,2.01
SRV-799,Atlanta,2018-06-12,2021-09-24,Ubuntu,247,60,971,75.89,4.87
SRV-800,Chicago,2020-08-17,2024-03-29,Red Hat,83,46,1535,68.78,4.49
SRV-801,Dallas,2021-04-23,2026-03-13,Red Hat,36,49,4142,89.2,2.7
SRV-802,Dallas,2020-01-22,2025-06-13,Red Hat,167,18,1932,93.85,2.05
SRV-803,Atlanta,2018-12-09,2023-02-06,Ubuntu,85,26,4592,93.91,3.53
SRV-804,Atlanta,2016-11-01,2020-03-27,Ubuntu,82,62,4977,94.98,3.35
SRV-805,San Francisco,2018-07-31,2023-06-02,Ubuntu,172,35,3731,95.69,0.57
SRV-806,San Francisco,2021-02-11,2027-11-20,Red Hat,61,22,4878,57.4,0.55
SRV-807,San Francisco,2019-02-25,2025-02-22,CentOS,182,34,1378,70.13,1.86
SRV-808,Atlanta,2016-01-09,2022-05-13,CentOS,56,30,888,57.79,0.66
SRV-809,New York,2020-10-04,2023-11-14,Windows Server,161,58,1409,71.61,4.71
SRV-810,Dallas,2015-06-30,2019-09-17,Red Hat,208,31,3780,82.99,4.86
SRV-811,Atlanta,2017-01-23,2023-05-27,CentOS,245,37,1484,72.49,2.03
SRV-812,Atlanta,2016-07-17,2022-03-20,Ubuntu,48,37,1689,62.02,4.89
SRV-813,Chicago,2015-10-24,2020-02-04,CentOS,129,13,1224,54.61,4.72
SRV-814,Chicago,2016-04-09,2020-08-09,Red Hat,253,20,2626,52.84,0.12
SRV-815,New York,2020-04-11,2025-12-18,CentOS,40,5,2455,50.49,4.15
SRV-816,Chicago,2017-05-11,2023-01-06,CentOS,205,18,4744,57.37,2.95
SRV-817,Dallas,2021-03-10,2024-09-29,Ubuntu,162,47,3705,90.06,4.78
SRV-818,San Francisco,2016-11-24,2019-12-24,Red Hat,147,43,3666,76.85,0.09
SRV-819,San Francisco,2016-04-12,2020-07-17,Red Hat,156,50,4743,88.97,3.13
SRV-820,San Francisco,2017-05-25,2022-11-20,Linux,107,24,757,96.63,1.58
SRV-821,Dallas,2021-04-29,2024-11-25,Linux,235,8,4105,81.79,4.09
SRV-822,Dallas,2016-10-04,2021-09-10,Windows Server,118,51,1441,91.01,0.61
SRV-823,Chicago,2017-04-07,2022-06-08,Linux,248,16,2320,95.55,0.97
SRV-824,Atlanta,2016-08-09,2022-04-06,Red Hat,29,62,3690,70.2,0.37
SRV-825,Chicago,2018-01-23,2021-07-16,Ubuntu,40,4,4852,69.84,4.34
SRV-826,Chicago,2021-05-30,2027-05-18,Windows Server,168,37,4818,70.98,4.58
SRV-827,New York,2015-05-15,2019-03-19,Ubuntu,175,36,3265,89.8,4.14
SRV-828,New York,2019-09-05,2026-07-25,Ubuntu,32,56,2748,61.81,1.79
SRV-829,San Francisco,2018-10-16,2023-06-25,Linux,33,32,3780,63.97,2.3
SRV-830,New York,2021-11-30,2027-05-03,Windows Server,67,46,3762,54.01,3.68
SRV-831,Atlanta,2021-08-13,2026-03-27,Red Hat,18,36,1227,91.96,1.46
SRV-832,Dallas,2019-03-05,2022-10-03,Windows Server,35,43,2828,93.79,3.36
SRV-833,Atlanta,2015-12-26,2019-06-28,CentOS,141,9,3460,51.94,4.62
SRV-834,Chicago,2018-12-18,2024-12-13,CentOS,119,13,4881,67.55,4.03
SRV-835,Dallas,2017-06-19,2022-04-09,CentOS,152,53,966,73.06,4.6
SRV-836,Dallas,2015-11-24,2022-01-07,CentOS,209,23,4898,61.72,1.72
SRV-837,San Francisco,2019-03-13,2022-09-02,Windows Server,183,23,1262,94.7,4.76
SRV-838,Atlanta,2019-06-11,2024-10-28,CentOS,235,28,1656,89.83,2.45
SRV-839,Atlanta,2020-08-23,2025-07-19,Windows Server,236,41,2637,60.1,0.65
SRV-840,Chicago,2016-10-30,2021-09-28,Ubuntu,139,49,1647,82.35,4.98
SRV-841,Atlanta,2018-04-05,2023-02-16,Windows Server,228,44,4055,88.73,1.95
SRV-842,Atlanta,2019-08-22,2025-12-30,Red Hat,98,18,2689,78.57,4.99
SRV-843,Chicago,2015-01-27,2020-02-10,Linux,177,37,3184,74.52,0.04
SRV-844,New York,2017-05-13,2022-03-26,Ubuntu,193,60,2660,57.92,4.93
SRV-845,Dallas,2017-08-29,2020-12-17,Linux,44,64,2611,52.78,1.21
SRV-846,San Francisco,2018-03-17,2021-05-29,Red Hat,67,22,3202,56.63,3.2
SRV-847,New York,2016-12-18,2020-05-02,Ubuntu,161,57,2560,96.36,1.09
SRV-848,New York,2018-03-07,2022-11-16,Red Hat,175,19,4442,91.68,2.64
SRV-849,Dallas,2020-10-17,2026-06-12,CentOS,83,61,2695,85.11,1.0
SRV-850,Atlanta,2021-11-19,2028-03-19,Red Hat,203,40,846,77.54,3.86
SRV-851,Atlanta,2017-02-08,2020-08-15,CentOS,225,4,633,75.06,4.35
SRV-852,San Francisco,2020-01-15,2024-11-14,Ubuntu,96,10,3136,56.14,4.67
SRV-853,Atlanta,2015-01-27,2018-08-09,CentOS,97,15,3079,87.41,4.13
SRV-854,Atlanta,2021-02-28,2027-04-21,Ubuntu,44,33,3590,77.99,1.98
SRV-855,Atlanta,2017-02-19,2020-09-07,Ubuntu,246,37,2700,51.87,1.85
SRV-856,San Francisco,2021-07-03,2027-06-16,Linux,90,33,3085,65.16,1.85
SRV-857,Atlanta,2020-05-17,2026-07-15,Ubuntu,198,24,783,80.68,4.95
SRV-858,Chicago,2017-02-10,2021-07-22,Linux,202,59,3193,90.66,4.07
SRV-859,Dallas,2016-03-22,2020-05-30,Linux,120,11,2093,74.77,3.84
SRV-860,Dallas,2015-06-15,2021-06-18,CentOS,68,8,3708,92.38,4.86
SRV-861,Chicago,2019-07-19,2023-04-24,Windows Server,166,18,2387,96.32,3.4
SRV-862,Chicago,2015-01-28,2018-02-06,Ubuntu,224,16,2694,85.86,2.82
SRV-863,Atlanta,2017-05-04,2022-11-14,Linux,107,12,4311,93.46,1.37
SRV-864,Atlanta,2021-10-03,2026-06-05,Ubuntu,124,42,711,99.88,3.11
SRV-865,Chicago,2019-06-02,2023-08-08,Red Hat,136,16,5000,78.87,4.21
SRV-866,New York,2015-07-27,2020-05-16,Ubuntu,80,63,4139,75.11,1.29
SRV-867,Chicago,2017-09-26,2022-04-29,CentOS,28,10,2062,66.77,4.25
SRV-868,Chicago,2015-11-20,2019-07-03,Red Hat,166,57,2124,91.13,2.2
SRV-869,New York,2019-12-30,2023-10-31,Windows Server,193,18,1192,83.96,3.12
SRV-870,New York,2020-09-27,2024-10-31,CentOS,232,5,2314,85.78,0.94
SRV-871,Dallas,2020-06-29,2027-04-26,Ubuntu,208,58,4634,90.55,0.28
SRV-872,Dallas,2019-09-22,2025-12-09,Red Hat,21,53,3937,84.19,1.33
SRV-873,Dallas,2016-10-06,2022-06-14,Ubuntu,248,60,4061,94.5,2.7
SRV-874,San Francisco,2018-07-09,2022-04-23,CentOS,158,18,4891,98.27,1.59
SRV-875,New York,2019-12-01,2024-11-04,Linux,173,30,3426,56.67,3.82
SRV-876,New York,2019-10-10,2023-02-09,Linux,197,46,943,92.4,4.92
SRV-877,Atlanta,2020-04-10,2025-04-14,Ubuntu,186,13,4342,52.02,3.78
SRV-878,New York,2016-04-22,2021-07-05,Ubuntu,192,4,3595,77.83,0.9
SRV-879,Dallas,2015-10-06,2022-06-05,CentOS,141,39,1308,65.13,3.2
SRV-880,San Francisco,2018-06-06,2022-10-23,CentOS,252,62,2876,77.18,4.17
SRV-881,New York,2018-05-11,2024-01-27,Linux,236,29,3260,53.54,3.72
SRV-882,San Francisco,2021-01-15,2027-07-01,Red Hat,131,34,4095,77.0,4.72
SRV-883,San Francisco,2018-10-07,2021-11-12,Red Hat,230,29,648,77.1,4.48
SRV-884,Atlanta,2020-12-07,2025-10-09,Windows Server,68,19,1481,58.55,0.94
SRV-885,Dallas,2017-03-03,2020-04-06,Ubuntu,97,26,4640,70.48,3.05
SRV-886,Atlanta,2019-12-31,2024-09-06,Linux,133,54,1774,94.93,0.58
SRV-887,San Francisco,2020-04-12,2025-04-21,Red Hat,133,43,644,87.42,0.14
SRV-888,Chicago,2017-08-09,2023-12-21,Red Hat,102,19,1478,51.01,2.29
SRV-889,San Francisco,2015-12-23,2022-07-28,CentOS,22,20,4895,65.33,1.98
SRV-890,Dallas,2017-09-04,2021-11-15,CentOS,154,12,3885,51.56,2.51
SRV-891,Chicago,2020-01-17,2025-04-20,Red Hat,169,61,2547,89.86,2.7
SRV-892,New York,2017-06-03,2023-05-04,Linux,229,44,1180,84.99,4.2
SRV-893,San Francisco,2016-11-09,2020-09-04,CentOS,139,39,4681,55.77,0.17
SRV-894,New York,2016-10-16,2020-09-03,Red Hat,179,12,1734,52.9,3.9
SRV-895,Dallas,2020-09-23,2024-01-20,Red Hat,234,5,2484,59.17,1.54
SRV-896,New York,2021-01-26,2026-03-30,Ubuntu,254,14,1693,72.43,3.29
SRV-897,Dallas,2018-07-15,2021-12-11,Windows Server,174,27,4994,78.45,0.67
SRV-898,Chicago,2017-05-29,2021-11-17,Windows Server,179,43,1217,80.77,3.11
SRV-899,Atlanta,2020-09-13,2026-08-12,Ubuntu,134,4,2261,86.16,1.53
SRV-900,Dallas,2021-02-27,2028-02-06,Red Hat,58,57,3153,55.56,1.37
SRV-901,Atlanta,2015-06-14,2022-01-04,Red Hat,89,47,4742,73.57,2.1
SRV-902,New York,2020-04-06,2026-12-01,Windows Server,51,28,2721,73.63,2.8
SRV-903,San Francisco,2021-08-30,2025-12-02,CentOS,101,15,3342,61.08,1.4
SRV-904,San Francisco,2020-06-03,2025-12-14,Red Hat,249,30,961,56.77,4.35
SRV-905,Atlanta,2016-07-24,2021-11-06,CentOS,171,28,2276,53.48,1.24
SRV-906,Chicago,2017-06-21,2024-02-07,Linux,225,38,3244,93.02,3.14
SRV-907,Dallas,2020-06-12,2026-01-12,Linux,85,4,3877,56.02,3.3
SRV-908,New York,2017-04-06,2023-07-30,Red Hat,151,32,3085,70.12,1.94
SRV-909,New York,2018-11-03,2024-10-28,Windows Server,59,7,758,73.19,3.76
SRV-910,Dallas,2021-09-16,2028-07-29,CentOS,65,64,1388,84.24,2.46
SRV-911,Atlanta,2017-08-04,2023-01-02,Linux,121,56,1451,93.54,0.19
SRV-912,New York,2018-05-19,2022-11-02,Ubuntu,26,35,3357,64.4,3.74
SRV-913,Dallas,2019-12-15,2024-10-29,Red Hat,166,62,3444,67.14,2.75
SRV-914,Atlanta,2020-04-18,2025-02-04,Red Hat,228,48,3595,59.91,0.98
SRV-915,New York,2018-01-11,2021-12-05,Ubuntu,187,22,999,80.23,3.64
SRV-916,New York,2015-11-26,2022-08-12,Red Hat,71,46,1132,52.46,3.88
SRV-917,Atlanta,2021-02-23,2025-03-19,Windows Server,199,39,4951,50.49,0.88
SRV-918,New York,2015-10-18,2021-02-24,CentOS,45,34,2097,62.8,2.56
SRV-919,New York,2018-08-28,2022-10-22,Ubuntu,89,53,3574,94.81,0.92
SRV-920,Chicago,2021-09-26,2028-07-03,Windows Server,109,49,3246,95.6,0.87
SRV-921,Chicago,2015-01-11,2021-08-06,CentOS,192,43,1845,84.77,3.0
SRV-922,Chicago,2016-08-31,2023-02-28,Linux,231,32,1500,81.99,0.92
SRV-923,Atlanta,2018-08-14,2022-10-12,Linux,183,34,1391,58.24,4.45
SRV-924,Dallas,2021-12-25,2027-11-16,Linux,165,39,1524,91.22,2.62
SRV-925,Atlanta,2020-06-18,2026-09-01,CentOS,79,13,4990,81.82,2.16
SRV-926,Atlanta,2016-08-14,2020-03-17,Red Hat,78,14,2171,78.88,1.14
SRV-927,Dallas,2015-11-12,2019-12-11,CentOS,49,63,600,63.78,3.46
SRV-928,San Francisco,2017-02-17,2020-09-16,CentOS,171,35,1140,93.29,0.69
SRV-929,New York,2019-07-10,2023-07-24,CentOS,160,32,4254,53.61,2.98
SRV-930,Chicago,2019-07-22,2023-05-17,Red Hat,57,18,4186,61.21,0.37
SRV-931,New York,2020-11-12,2027-07-29,Linux,190,17,849,63.72,0.8
SRV-932,Dallas,2020-09-19,2024-01-10,Red Hat,71,39,2962,87.75,2.75
SRV-933,Chicago,2017-07-29,2023-10-14,CentOS,253,28,1701,60.94,4.66
SRV-934,Atlanta,2016-04-24,2021-09-21,Ubuntu,237,22,4527,61.86,0.11
SRV-935,Dallas,2017-10-09,2023-09-08,Windows Server,44,28,3265,59.32,0.18
SRV-936,San Francisco,2015-04-02,2021-07-12,Red Hat,31,22,608,53.56,2.14
SRV-937,New York,2020-07-07,2024-08-03,Red Hat,199,40,4269,94.56,1.3
SRV-938,New York,2018-05-21,2023-12-19,Linux,103,14,2605,55.85,3.64
SRV-939,New York,2021-02-21,2025-03-23,CentOS,48,45,534,97.12,0.35
SRV-940,Atlanta,2015-03-20,2019-04-24,CentOS,211,28,2780,92.69,3.13
SRV-941,New York,2017-10-28,2021-08-18,Ubuntu,144,8,3709,50.93,1.24
SRV-942,Chicago,2016-09-21,2022-09-13,CentOS,50,23,809,68.56,0.84
SRV-943,Chicago,2021-09-11,2024-09-30,Ubuntu,245,20,4216,96.47,3.21
SRV-944,New York,2020-09-17,2024-09-23,CentOS,169,46,546,52.23,3.45
SRV-945,Dallas,2018-01-27,2024-10-24,Windows Server,140,42,2110,90.04,1.96
SRV-946,Atlanta,2020-10-17,2025-04-21,Ubuntu,145,41,4388,63.82,2.06
SRV-947,Dallas,2019-04-04,2023-11-05,Windows Server,68,63,4370,69.26,1.52
SRV-948,New York,2019-06-08,2023-03-15,Red Hat,39,39,3237,66.5,0.51
SRV-949,New York,2018-11-08,2024-07-03,Windows Server,243,5,3766,77.1,2.42
SRV-950,Dallas,2017-09-09,2022-09-11,CentOS,145,7,837,99.09,4.86
SRV-951,Atlanta,2017-12-27,2024-04-28,Linux,61,47,1810,99.59,4.46
SRV-952,New York,2016-09-10,2020-08-26,Red Hat,149,64,653,53.35,4.17
SRV-953,Atlanta,2021-09-23,2027-04-22,Windows Server,157,55,1493,76.4,4.11
SRV-954,Atlanta,2020-10-29,2024-06-24,CentOS,93,26,2722,55.55,4.93
SRV-955,San Francisco,2018-05-31,2023-12-24,CentOS,38,40,1772,95.79,3.68
SRV-956,Atlanta,2015-07-25,2022-05-07,Windows Server,58,39,2810,86.25,3.97
SRV-957,New York,2020-04-11,2023-06-13,Red Hat,244,16,4002,78.51,1.67
SRV-958,Chicago,2017-12-12,2022-07-15,CentOS,87,43,3789,80.55,3.82
SRV-959,Dallas,2020-02-14,2026-11-30,Ubuntu,193,50,4059,89.87,2.13
SRV-960,San Francisco,2019-05-02,2026-03-20,Red Hat,218,41,764,55.01,2.05
SRV-961,New York,2020-01-28,2026-09-02,Ubuntu,193,59,1951,59.19,1.3
SRV-962,Chicago,2018-07-15,2024-08-09,Windows Server,150,20,2793,64.08,2.98
SRV-963,Atlanta,2021-03-08,2028-01-19,Linux,24,7,4483,97.22,4.44
SRV-964,Chicago,2017-03-08,2021-02-01,Ubuntu,29,28,1400,62.63,3.2
SRV-965,Dallas,2015-03-14,2021-11-16,Windows Server,169,25,3674,65.44,3.58
SRV-966,Dallas,2017-10-11,2021-06-13,Linux,67,41,714,66.69,1.72
SRV-967,San Francisco,2018-02-19,2023-10-12,Linux,150,47,2901,67.35,1.04
SRV-968,San Francisco,2019-11-13,2023-09-12,Red Hat,249,44,2011,76.94,1.89
SRV-969,San Francisco,2016-05-03,2019-07-14,CentOS,58,21,2106,66.0,2.75
SRV-970,New York,2018-01-21,2024-11-16,Windows Server,206,32,4048,53.61,4.41
SRV-971,Chicago,2018-07-25,2022-11-05,Red Hat,201,46,765,78.6,1.86
SRV-972,Dallas,2019-03-14,2024-09-15,Windows Server,66,33,3516,69.49,4.59
SRV-973,Chicago,2019-09-17,2023-12-26,Red Hat,110,12,3998,97.25,0.9
SRV-974,New York,2017-01-29,2020-05-10,CentOS,228,21,4345,92.61,3.9
SRV-975,Chicago,2018-10-06,2024-08-23,Ubuntu,144,30,739,60.69,0.58
SRV-976,Chicago,2016-03-17,2023-03-01,Ubuntu,194,13,873,76.86,0.42
SRV-977,New York,2015-08-06,2021-07-29,Red Hat,153,38,4972,96.53,1.24
SRV-978,San Francisco,2019-12-16,2024-08-15,Linux,159,58,874,90.55,1.26
SRV-979,New York,2015-05-23,2019-12-17,Linux,240,27,3221,94.07,1.68
SRV-980,New York,2018-11-27,2024-06-07,Red Hat,138,31,4197,88.0,2.88
SRV-981,Atlanta,2021-09-16,2027-10-23,Windows Server,236,61,2364,98.06,2.2
SRV-982,New York,2018-02-06,2022-01-26,Windows Server,169,64,1727,64.34,0.07
SRV-983,Chicago,2018-08-14,2023-07-24,Ubuntu,29,17,3454,54.04,4.89
SRV-984,San Francisco,2017-07-28,2022-03-06,CentOS,165,10,2703,90.55,3.67
SRV-985,New York,2015-09-11,2019-04-30,Red Hat,35,60,2987,88.07,4.65
SRV-986,Atlanta,2021-06-17,2028-06-10,Ubuntu,17,38,3854,58.47,2.13
SRV-987,Dallas,2015-05-29,2019-08-18,Red Hat,108,17,3999,75.76,4.94
SRV-988,San Francisco,2021-01-28,2026-04-09,Ubuntu,43,53,3320,54.7,4.71
SRV-989,Atlanta,2019-06-22,2022-09-06,Red Hat,232,42,2491,60.86,4.09
SRV-990,Atlanta,2020-03-04,2023-11-19,Windows Server,139,16,1062,57.0,1.92
SRV-991,San Francisco,2019-05-15,2022-07-02,Red Hat,73,32,1195,54.5,1.4
SRV-992,Dallas,2020-10-26,2027-08-06,CentOS,210,59,3537,53.63,1.93
SRV-993,Chicago,2018-01-13,2023-01-01,Linux,237,38,4292,65.75,1.74
SRV-994,Atlanta,2015-05-06,2021-05-03,Windows Server,255,15,3965,86.63,3.55
SRV-995,New York,2021-05-01,2028-04-08,Windows Server,96,22,1956,71.71,1.07
SRV-996,Chicago,2021-12-22,2027-05-29,Windows Server,98,41,4603,67.0,3.83
SRV-997,Chicago,2016-12-07,2023-07-11,Windows Server,230,43,1910,52.8,0.49
SRV-998,Dallas,2017-07-19,2023-11-05,Ubuntu,28,31,3046,77.15,1.94
SRV-999,New York,2015-07-20,2020-09-30,Linux,231,10,3978,85.12,1.46
SRV-1000,New York,2018-01-20,2023-04-06,Linux,31,30,2029,53.97,0.63
